Workbook

Sheet 시험
C4: 장비요소 주기점검
D5: if 50회 주기도래:
D6: 필터세척
D8: if 100회 주기도래:
D9: 필터세척
D10: 벨트 텐션 점검 (XL : / ZL : / XR : / ZR : / Y : )
D11: 유량 점검 (T1, T4 : / T2, T3 : / T4 : )

Sheet ES#8
A1: LM-10 SPINDLE 내구도 신뢰성 시험이력
A2: 수행기간 | B2: 산출물 | G2: 실험 적용 | Q2: 사전점검(시험 전 점검항목) | AG2: 특이사항
R4: 5회 가공회차 주기 | AE4: 40회 가공회차 주기 | AF4: 160회 가공회차 주기
G5: BUR 가공누적사용횟수 | L5: 가공물 | P5: 적용 상수 | Q5: 스핀들 유격 | R5: 스핀들 유격 점검 | V5: AG Mode Current(min-max) | Z5: 35000 RPM Current(min-max) and 스핀들 소음
A6: 가공일 | B6: 가공회차 | C6: 산출가공물 치수 측정결과 | D6: 시험완료여부 | E6: 가공시간(분단위 반올림) | F6: 비고 | G6: T1 | H6: T2 | I6: T3 | J6: T4 | K6: SPINDLE REV | L6: BLOCK 제조사 | M6: BLOCK 식별자 | N6: BLOCK 강도(MPa) | O6: BLOCK 재질 | P6: 가속 Factor | Q6: WATER TANK FILTER 청결상태 | R6: T1 | S6: T2 | T6: T3 | U6: T4 | V6: T1 | W6: T2 | X6: T3 | Y6: T4 | Z6: T1 | AA6: T2 | AB6: T3 | AC6: T4 | AD6: 스핀들 소음유무 측정 | AE6: 필터세척/유량계 유량 측정 | AF6: 필터교체/BELT TENSION 측정
A7: 45971 | B7: 1 | C7: =IF(B7="","", IF(MOD($B7,1)=0, "Dimensions: L W H", "-" ) ) -> Dimensions: L W H | D7: =IF(E7="","", IF(MOD($B7,1)=0, "완료", "-" ) ) -> 완료 | E7: 21분 | G7: 누락 | H7: - | I7: - | J7: 누락 | L7: VITA | M7: MARK II | N7: 160 | P7: =IF(LEN(A7)>0, 종합!$C$29, "") -> 2.26 | Q7: - | R7: =IF(MOD($B7,5)=0, "스핀들유격: ","-" ) -> - | S7: =IF(MOD($B7,5)=0, "스핀들유격: ","-" ) -> - | T7: =IF(MOD($B7,5)=0, "스핀들유격: ","-" ) -> - | U7: =IF(MOD($B7,5)=0, "스핀들유격: ","-" ) -> - | V7: =IF(MOD($B7,5)=0, "000-000","-" ) -> - | W7: =IF(MOD($B7,5)=0, "000-000","-" ) -> - | X7: =IF(MOD($B7,5)=0, "000-000","-" ) -> - | Y7: =IF(MOD($B7,5)=0, "000-000","-" ) -> - | Z7: =IF(MOD($B7,5)=0, "000-000","-" ) -> - | AA7: =IF(MOD($B7,5)=0, "000-000","-" ) -> - | AB7: =IF(MOD($B7,5)=0, "000-000","-" ) -> - | AC7: =IF(MOD($B7,5)=0, "000-000","-" ) -> - | AD7: =IF(MOD($B7,5)=0, "스핀들소음 :","-" ) -> - | AE7: =IF(MOD($B7,40)=0, "필터세척 :"& CHAR(10) & "FLOW (T1, T4 : / T2, T3 : / T4 : )","-" ) -> - | AF7: =IF($B7="","", IF(MOD($B7,160)=0, "TENSION (XL : / ZL : / XR : / ZR : / Y : )" & CHAR(10) & "필터교체", "-" ) ) -> - | AG7: - | AH7: -
A8: 45971 | B8: 2 | C8: =IF(B8="","", IF(MOD($B8,1)=0, "Dimensions: L W H", "-" ) ) -> Dimensions: L W H | D8: =IF(E8="","", IF(MOD($B8,1)=0, "완료", "-" ) ) -> 완료 | E8: 21분 | G8: 누락 | H8: - | I8: - | J8: 누락 | L8: VITA | M8: MARK II | N8: 160 | P8: =IF(LEN(A8)>0, 종합!$C$29, "") -> 2.26 | Q8: - | R8: =IF(MOD($B8,5)=0, "스핀들유격: ","-" ) -> - | S8: =IF(MOD($B8,5)=0, "스핀들유격: ","-" ) -> - | T8: =IF(MOD($B8,5)=0, "스핀들유격: ","-" ) -> - | U8: =IF(MOD($B8,5)=0, "스핀들유격: ","-" ) -> - | V8: =IF(MOD($B8,5)=0, "000-000","-" ) -> - | W8: =IF(MOD($B8,5)=0, "000-000","-" ) -> - | X8: =IF(MOD($B8,5)=0, "000-000","-" ) -> - | Y8: =IF(MOD($B8,5)=0, "000-000","-" ) -> - | Z8: =IF(MOD($B8,5)=0, "000-000","-" ) -> - | AA8: =IF(MOD($B8,5)=0, "000-000","-" ) -> - | AB8: =IF(MOD($B8,5)=0, "000-000","-" ) -> - | AC8: =IF(MOD($B8,5)=0, "000-000","-" ) -> - | AD8: =IF(MOD($B8,5)=0, "스핀들소음 :","-" ) -> - | AE8: =IF(MOD($B8,40)=0, "필터세척 :"& CHAR(10) & "FLOW (T1, T4 : / T2, T3 : / T4 : )","-" ) -> - | AF8: =IF($B8="","", IF(MOD(B8,160)=0, "TENSION (XL : / ZL : / XR : / ZR : / Y : )" & CHAR(10) & "필터교체", "-" ) ) -> - | AG8: - | AH8: -
A9: 45971 | B9: 3 | C9: =IF(B9="","", IF(MOD($B9,1)=0, "Dimensions: L W H", "-" ) ) -> Dimensions: L W H | D9: =IF(E9="","", IF(MOD($B9,1)=0, "완료", "-" ) ) -> 완료 | E9: 21분 | G9: 누락 | H9: - | I9: - | J9: 누락 | L9: VITA | M9: MARK II | N9: 160 | P9: =IF(LEN(A9)>0, 종합!$C$29, "") -> 2.26 | Q9: - | R9: =IF(MOD($B9,5)=0, "스핀들유격: ","-" ) -> - | S9: =IF(MOD($B9,5)=0, "스핀들유격: ","-" ) -> - | T9: =IF(MOD($B9,5)=0, "스핀들유격: ","-" ) -> - | U9: =IF(MOD($B9,5)=0, "스핀들유격: ","-" ) -> - | V9: =IF(MOD($B9,5)=0, "000-000","-" ) -> - | W9: =IF(MOD($B9,5)=0, "000-000","-" ) -> - | X9: =IF(MOD($B9,5)=0, "000-000","-" ) -> - | Y9: =IF(MOD($B9,5)=0, "000-000","-" ) -> - | Z9: =IF(MOD($B9,5)=0, "000-000","-" ) -> - | AA9: =IF(MOD($B9,5)=0, "000-000","-" ) -> - | AB9: =IF(MOD($B9,5)=0, "000-000","-" ) -> - | AC9: =IF(MOD($B9,5)=0, "000-000","-" ) -> - | AD9: =IF(MOD($B9,5)=0, "스핀들소음 :","-" ) -> - | AE9: =IF(MOD($B9,40)=0, "필터세척 :"& CHAR(10) & "FLOW (T1, T4 : / T2, T3 : / T4 : )","-" ) -> - | AF9: =IF($B9="","", IF(MOD(B9,160)=0, "TENSION (XL : / ZL : / XR : / ZR : / Y : )" & CHAR(10) & "필터교체", "-" ) ) -> - | AG9: - | AH9: -
A10: 45971 | B10: 4 | C10: =IF(B10="","", IF(MOD($B10,1)=0, "Dimensions: L W H", "-" ) ) -> Dimensions: L W H | D10: =IF(E10="","", IF(MOD($B10,1)=0, "완료", "-" ) ) -> 완료 | E10: 21분 | G10: 누락 | H10: - | I10: - | J10: 누락 | L10: VITA | M10: MARK II | N10: 160 | P10: =IF(LEN(A10)>0, 종합!$C$29, "") -> 2.26 | Q10: - | R10: =IF(MOD($B10,5)=0, "스핀들유격: ","-" ) -> - | S10: =IF(MOD($B10,5)=0, "스핀들유격: ","-" ) -> - | T10: =IF(MOD($B10,5)=0, "스핀들유격: ","-" ) -> - | U10: =IF(MOD($B10,5)=0, "스핀들유격: ","-" ) -> - | V10: =IF(MOD($B10,5)=0, "000-000","-" ) -> - | W10: =IF(MOD($B10,5)=0, "000-000","-" ) -> - | X10: =IF(MOD($B10,5)=0, "000-000","-" ) -> - | Y10: =IF(MOD($B10,5)=0, "000-000","-" ) -> - | Z10: =IF(MOD($B10,5)=0, "000-000","-" ) -> - | AA10: =IF(MOD($B10,5)=0, "000-000","-" ) -> - | AB10: =IF(MOD($B10,5)=0, "000-000","-" ) -> - | AC10: =IF(MOD($B10,5)=0, "000-000","-" ) -> - | AD10: =IF(MOD($B10,5)=0, "스핀들소음 :","-" ) -> - | AE10: =IF(MOD($B10,40)=0, "필터세척 :"& CHAR(10) & "FLOW (T1, T4 : / T2, T3 : / T4 : )","-" ) -> - | AF10: =IF($B10="","", IF(MOD(B10,160)=0, "TENSION (XL : / ZL : / XR : / ZR : / Y : )" & CHAR(10) & "필터교체", "-" ) ) -> - | AG10: - | AH10: -
A11: 45972 | B11: 5 | C11: =IF(B11="","", IF(MOD($B11,1)=0, "Dimensions: L W H", "-" ) ) -> Dimensions: L W H | D11: =IF(E11="","", IF(MOD($B11,1)=0, "완료", "-" ) ) -> 완료 | E11: 23분 | G11: 0 | H11: - | I11: - | J11: 0 | L11: VITA | M11: MARK II | N11: 160 | P11: =IF(LEN(A11)>0, 종합!$C$29, "") -> 2.26 | Q11: - | R11: 스핀들유격: 적정 | S11: 스핀들유격: 적정 | T11: 스핀들유격: 적정 | U11: 스핀들유격: 적정 | V11: 260-385 | W11: 87-206 | X11: 160-266 | Y11: 173-286 | Z11: 282-297 | AA11: 252-274 | AB11: 210-264 | AC11: 260-281 | AD11: 스핀들소음: 적정 | AE11: =IF(MOD($B11,40)=0, "필터세척 :"& CHAR(10) & "FLOW (T1, T4 : / T2, T3 : / T4 : )","-" ) -> - | AF11: =IF($B11="","", IF(MOD(B11,160)=0, "TENSION (XL : / ZL : / XR : / ZR : / Y : )" & CHAR(10) & "필터교체", "-" ) ) -> - | AG11: - | AH11: -
A12: 45972 | B12: 6 | C12: =IF(B12="","", IF(MOD($B12,1)=0, "Dimensions: L W H", "-" ) ) -> Dimensions: L W H | D12: 진행중 | E12: 21분 | G12: 1 | H12: - | I12: - | J12: 1 | L12: VITA | M12: MARK II | N12: 160 | P12: =IF(LEN(A12)>0, 종합!$C$29, "") -> 2.26 | Q12: - | R12: =IF(MOD($B12,5)=0, "스핀들유격: ","-" ) -> - | S12: =IF(MOD($B12,5)=0, "스핀들유격: ","-" ) -> - | T12: =IF(MOD($B12,5)=0, "스핀들유격: ","-" ) -> - | U12: =IF(MOD($B12,5)=0, "스핀들유격: ","-" ) -> - | V12: =IF(MOD($B12,5)=0, "000-000","-" ) -> - | W12: =IF(MOD($B12,5)=0, "000-000","-" ) -> - | X12: =IF(MOD($B12,5)=0, "000-000","-" ) -> - | Y12: =IF(MOD($B12,5)=0, "000-000","-" ) -> - | Z12: =IF(MOD($B12,5)=0, "000-000","-" ) -> - | AA12: =IF(MOD($B12,5)=0, "000-000","-" ) -> - | AB12: =IF(MOD($B12,5)=0, "000-000","-" ) -> - | AC12: =IF(MOD($B12,5)=0, "000-000","-" ) -> - | AD12: =IF(MOD($B12,5)=0, "스핀들소음 :","-" ) -> - | AE12: =IF(MOD($B12,40)=0, "필터세척 :"& CHAR(10) & "FLOW (T1, T4 : / T2, T3 : / T4 : )","-" ) -> - | AF12: =IF($B12="","", IF(MOD(B12,160)=0, "TENSION (XL : / ZL : / XR : / ZR : / Y : )" & CHAR(10) & "필터교체", "-" ) ) -> - | AG12: 이슈식별시기='2025-11-10', 이슈보고시기=None, 부위=객체.LM_100.SOFTWARE.GUI.NEXT, 현상="ES#8, ES#9 전원인가 후 2회차 가공시작 시 밀링 미시작 현상", 현상상세="Milling_Start_클릭 후 NEXT 클릭하였으나 밀링작업시작 안됨", 조치='전원 재인가(파워서플라이 스위치 활용) > 1회차 가공 시도 > 성공 > 2회차 계속적 실패', 원인분석결과=None, 결과=None, 예방=None, | AH12: -
A19: TABLE OUTLINE | B19: TABLE OUTLINE | C19: TABLE OUTLINE | D19: TABLE OUTLINE | E19: TABLE OUTLINE | F19: TABLE OUTLINE | G19: TABLE OUTLINE | H19: TABLE OUTLINE | I19: TABLE OUTLINE | J19: TABLE OUTLINE | K19: TABLE OUTLINE | L19: TABLE OUTLINE | M19: TABLE OUTLINE | N19: TABLE OUTLINE | O19: TABLE OUTLINE | P19: TABLE OUTLINE | Q19: TABLE OUTLINE | R19: TABLE OUTLINE | S19: TABLE OUTLINE | T19: TABLE OUTLINE | U19: TABLE OUTLINE | V19: TABLE OUTLINE | W19: TABLE OUTLINE | X19: TABLE OUTLINE | Y19: TABLE OUTLINE | Z19: TABLE OUTLINE | AA19: TABLE OUTLINE | AB19: TABLE OUTLINE | AC19: TABLE OUTLINE | AD19: TABLE OUTLINE | AE19: TABLE OUTLINE | AF19: TABLE OUTLINE | AG19: TABLE OUTLINE | AH19: TABLE OUTLINE

Sheet ES#9
A1: LM-10 SPINDLE 내구도 신뢰성 시험이력
A2: 수행기간 | B2: 산출물 | G2: 실험 적용 | Q2: 사전점검(시험 전 점검항목) | AG2: 특이사항
R4: 5회 가공회차 주기 | AE4: 40회 가공회차 주기 | AF4: 160회 가공회차 주기
G5: BUR 가공누적사용횟수 | L5: 가공물 | P5: 적용 상수 | Q5: 스핀들 유격 | R5: 스핀들 유격 점검 | V5: AG Mode Current(min-max) | Z5: 35000 RPM Current(min-max) and 스핀들 소음
A6: 가공일 | B6: 가공회차 | C6: 산출가공물 치수 측정결과 | D6: 시험완료여부 | E6: 가공시간(분단위 반올림) | F6: 비고 | G6: T1 | H6: T2 | I6: T3 | J6: T4 | K6: SPINDLE REV | L6: BLOCK 제조사 | M6: BLOCK 식별자 | N6: BLOCK 강도(MPa) | O6: BLOCK 재질 | P6: 가속 Factor | Q6: WATER TANK FILTER 청결상태 | R6: T1 | S6: T2 | T6: T3 | U6: T4 | V6: T1 | W6: T2 | X6: T3 | Y6: T4 | Z6: T1 | AA6: T2 | AB6: T3 | AC6: T4 | AD6: 스핀들 소음유무 측정 | AE6: 필터세척/유량계 유량 측정 | AF6: 필터교체/BELT TENSION 측정
A7: 45971 | B7: 1 | C7: =IF(B7="","", IF(MOD($B7,1)=0, "Dimensions: L W H", "-" ) ) -> Dimensions: L W H | D7: =IF(E7="","", IF(MOD($B7,1)=0, "완료", "-" ) ) -> 완료 | E7: 21분 | G7: 누락 | H7: - | I7: - | J7: 누락 | L7: VITA | M7: MARK II | N7: 160 | P7: =IF(LEN(A7)>0, 종합!$C$29, "") -> 2.26 | Q7: - | R7: =IF(MOD($B7,5)=0, "스핀들유격: ","-" ) -> - | S7: =IF(MOD($B7,5)=0, "스핀들유격: ","-" ) -> - | T7: =IF(MOD($B7,5)=0, "스핀들유격: ","-" ) -> - | U7: =IF(MOD($B7,5)=0, "스핀들유격: ","-" ) -> - | V7: =IF(MOD($B7,5)=0, "000-000","-" ) -> - | W7: =IF(MOD($B7,5)=0, "000-000","-" ) -> - | X7: =IF(MOD($B7,5)=0, "000-000","-" ) -> - | Y7: =IF(MOD($B7,5)=0, "000-000","-" ) -> - | Z7: =IF(MOD($B7,5)=0, "000-000","-" ) -> - | AA7: =IF(MOD($B7,5)=0, "000-000","-" ) -> - | AB7: =IF(MOD($B7,5)=0, "000-000","-" ) -> - | AC7: =IF(MOD($B7,5)=0, "000-000","-" ) -> - | AD7: =IF(MOD($B7,5)=0, "스핀들소음 :","-" ) -> - | AE7: =IF(MOD($B7,40)=0, "필터세척 :"& CHAR(10) & "FLOW (T1, T4 : / T2, T3 : / T4 : )","-" ) -> - | AF7: =IF($B7="","", IF(MOD($B7,160)=0, "TENSION (XL : / ZL : / XR : / ZR : / Y : )" & CHAR(10) & "필터교체", "-" ) ) -> - | AG7: - | AH7: -
A8: 45971 | B8: 2 | C8: =IF(B8="","", IF(MOD($B8,1)=0, "Dimensions: L W H", "-" ) ) -> Dimensions: L W H | D8: =IF(E8="","", IF(MOD($B8,1)=0, "완료", "-" ) ) -> 완료 | E8: 21분 | G8: 누락 | H8: - | I8: - | J8: 누락 | L8: VITA | M8: MARK II | N8: 160 | P8: =IF(LEN(A8)>0, 종합!$C$29, "") -> 2.26 | Q8: - | R8: =IF(MOD($B8,5)=0, "스핀들유격: ","-" ) -> - | S8: =IF(MOD($B8,5)=0, "스핀들유격: ","-" ) -> - | T8: =IF(MOD($B8,5)=0, "스핀들유격: ","-" ) -> - | U8: =IF(MOD($B8,5)=0, "스핀들유격: ","-" ) -> - | V8: =IF(MOD($B8,5)=0, "000-000","-" ) -> - | W8: =IF(MOD($B8,5)=0, "000-000","-" ) -> - | X8: =IF(MOD($B8,5)=0, "000-000","-" ) -> - | Y8: =IF(MOD($B8,5)=0, "000-000","-" ) -> - | Z8: =IF(MOD($B8,5)=0, "000-000","-" ) -> - | AA8: =IF(MOD($B8,5)=0, "000-000","-" ) -> - | AB8: =IF(MOD($B8,5)=0, "000-000","-" ) -> - | AC8: =IF(MOD($B8,5)=0, "000-000","-" ) -> - | AD8: =IF(MOD($B8,5)=0, "스핀들소음 :","-" ) -> - | AE8: =IF(MOD($B8,40)=0, "필터세척 :"& CHAR(10) & "FLOW (T1, T4 : / T2, T3 : / T4 : )","-" ) -> - | AF8: =IF($B8="","", IF(MOD(B8,160)=0, "TENSION (XL : / ZL : / XR : / ZR : / Y : )" & CHAR(10) & "필터교체", "-" ) ) -> - | AG8: - | AH8: -
A9: 45971 | B9: 3 | C9: =IF(B9="","", IF(MOD($B9,1)=0, "Dimensions: L W H", "-" ) ) -> Dimensions: L W H | D9: =IF(E9="","", IF(MOD($B9,1)=0, "완료", "-" ) ) -> 완료 | E9: 21분 | G9: 누락 | H9: - | I9: - | J9: 누락 | L9: VITA | M9: MARK II | N9: 160 | P9: =IF(LEN(A9)>0, 종합!$C$29, "") -> 2.26 | Q9: - | R9: =IF(MOD($B9,5)=0, "스핀들유격: ","-" ) -> - | S9: =IF(MOD($B9,5)=0, "스핀들유격: ","-" ) -> - | T9: =IF(MOD($B9,5)=0, "스핀들유격: ","-" ) -> - | U9: =IF(MOD($B9,5)=0, "스핀들유격: ","-" ) -> - | V9: =IF(MOD($B9,5)=0, "000-000","-" ) -> - | W9: =IF(MOD($B9,5)=0, "000-000","-" ) -> - | X9: =IF(MOD($B9,5)=0, "000-000","-" ) -> - | Y9: =IF(MOD($B9,5)=0, "000-000","-" ) -> - | Z9: =IF(MOD($B9,5)=0, "000-000","-" ) -> - | AA9: =IF(MOD($B9,5)=0, "000-000","-" ) -> - | AB9: =IF(MOD($B9,5)=0, "000-000","-" ) -> - | AC9: =IF(MOD($B9,5)=0, "000-000","-" ) -> - | AD9: =IF(MOD($B9,5)=0, "스핀들소음 :","-" ) -> - | AE9: =IF(MOD($B9,40)=0, "필터세척 :"& CHAR(10) & "FLOW (T1, T4 : / T2, T3 : / T4 : )","-" ) -> - | AF9: =IF($B9="","", IF(MOD(B9,160)=0, "TENSION (XL : / ZL : / XR : / ZR : / Y : )" & CHAR(10) & "필터교체", "-" ) ) -> - | AG9: - | AH9: -
A10: 45971 | B10: 4 | C10: =IF(B10="","", IF(MOD($B10,1)=0, "Dimensions: L W H", "-" ) ) -> Dimensions: L W H | D10: =IF(E10="","", IF(MOD($B10,1)=0, "완료", "-" ) ) -> 완료 | E10: 21분 | G10: 누락 | H10: - | I10: - | J10: 누락 | L10: VITA | M10: MARK II | N10: 160 | P10: =IF(LEN(A10)>0, 종합!$C$29, "") -> 2.26 | Q10: - | R10: =IF(MOD($B10,5)=0, "스핀들유격: ","-" ) -> - | S10: =IF(MOD($B10,5)=0, "스핀들유격: ","-" ) -> - | T10: =IF(MOD($B10,5)=0, "스핀들유격: ","-" ) -> - | U10: =IF(MOD($B10,5)=0, "스핀들유격: ","-" ) -> - | V10: =IF(MOD($B10,5)=0, "000-000","-" ) -> - | W10: =IF(MOD($B10,5)=0, "000-000","-" ) -> - | X10: =IF(MOD($B10,5)=0, "000-000","-" ) -> - | Y10: =IF(MOD($B10,5)=0, "000-000","-" ) -> - | Z10: =IF(MOD($B10,5)=0, "000-000","-" ) -> - | AA10: =IF(MOD($B10,5)=0, "000-000","-" ) -> - | AB10: =IF(MOD($B10,5)=0, "000-000","-" ) -> - | AC10: =IF(MOD($B10,5)=0, "000-000","-" ) -> - | AD10: =IF(MOD($B10,5)=0, "스핀들소음 :","-" ) -> - | AE10: =IF(MOD($B10,40)=0, "필터세척 :"& CHAR(10) & "FLOW (T1, T4 : / T2, T3 : / T4 : )","-" ) -> - | AF10: =IF($B10="","", IF(MOD(B10,160)=0, "TENSION (XL : / ZL : / XR : / ZR : / Y : )" & CHAR(10) & "필터교체", "-" ) ) -> - | AG10: - | AH10: -
A11: 45972 | B11: 5 | C11: =IF(B11="","", IF(MOD($B11,1)=0, "Dimensions: L W H", "-" ) ) -> Dimensions: L W H | D11: =IF(E11="","", IF(MOD($B11,1)=0, "완료", "-" ) ) -> 완료 | E11: 23분 | G11: 0 | H11: - | I11: - | J11: 0 | L11: VITA | M11: MARK II | N11: 160 | P11: =IF(LEN(A11)>0, 종합!$C$29, "") -> 2.26 | Q11: - | R11: 스핀들유격: 적정 | S11: 스핀들유격: 적정 | T11: 스핀들유격: 적정 | U11: 스핀들유격: 적정 | V11: 166-254 | W11: 170-230 | X11: 116-197 | Y11: 175-253 | Z11: 224-310 | AA11: 261-324 | AB11: 217-299 | AC11: 282-327 | AD11: 스핀들소음: 적정 | AE11: =IF(MOD($B11,40)=0, "필터세척 :"& CHAR(10) & "FLOW (T1, T4 : / T2, T3 : / T4 : )","-" ) -> - | AF11: =IF($B11="","", IF(MOD(B11,160)=0, "TENSION (XL : / ZL : / XR : / ZR : / Y : )" & CHAR(10) & "필터교체", "-" ) ) -> - | AG11: - | AH11: -
A12: 45972 | B12: 6 | C12: =IF(B12="","", IF(MOD($B12,1)=0, "Dimensions: L W H", "-" ) ) -> Dimensions: L W H | D12: 진행중 | E12: 21분 | G12: 1 | H12: - | I12: - | J12: 1 | L12: VITA | M12: MARK II | N12: 160 | P12: =IF(LEN(A12)>0, 종합!$C$29, "") -> 2.26 | Q12: - | R12: =IF(MOD($B12,5)=0, "스핀들유격: ","-" ) -> - | S12: =IF(MOD($B12,5)=0, "스핀들유격: ","-" ) -> - | T12: =IF(MOD($B12,5)=0, "스핀들유격: ","-" ) -> - | U12: =IF(MOD($B12,5)=0, "스핀들유격: ","-" ) -> - | V12: =IF(MOD($B12,5)=0, "000-000","-" ) -> - | W12: =IF(MOD($B12,5)=0, "000-000","-" ) -> - | X12: =IF(MOD($B12,5)=0, "000-000","-" ) -> - | Y12: =IF(MOD($B12,5)=0, "000-000","-" ) -> - | Z12: =IF(MOD($B12,5)=0, "000-000","-" ) -> - | AA12: =IF(MOD($B12,5)=0, "000-000","-" ) -> - | AB12: =IF(MOD($B12,5)=0, "000-000","-" ) -> - | AC12: =IF(MOD($B12,5)=0, "000-000","-" ) -> - | AD12: =IF(MOD($B12,5)=0, "스핀들소음 :","-" ) -> - | AE12: =IF(MOD($B12,40)=0, "필터세척 :"& CHAR(10) & "FLOW (T1, T4 : / T2, T3 : / T4 : )","-" ) -> - | AF12: =IF($B12="","", IF(MOD(B12,160)=0, "TENSION (XL : / ZL : / XR : / ZR : / Y : )" & CHAR(10) & "필터교체", "-" ) ) -> - | AG12: 이슈식별시기='2025-11-10', 이슈보고시기=None, 부위=객체.LM_100.SOFTWARE.GUI.NEXT, 현상="ES#8, ES#9 전원인가 후 2회차 가공시작 시 밀링 미시작 현상", 현상상세="Milling_Start_클릭 후 NEXT 클릭하였으나 밀링작업시작 안됨", 조치='전원 재인가(파워서플라이 스위치 활용) > 1회차 가공 시도 > 성공 > 2회차 계속적 실패', 원인분석결과=None, 결과=None, 예방=None, | AH12: -
A19: TABLE OUTLINE | B19: TABLE OUTLINE | C19: TABLE OUTLINE | D19: TABLE OUTLINE | E19: TABLE OUTLINE | F19: TABLE OUTLINE | G19: TABLE OUTLINE | H19: TABLE OUTLINE | I19: TABLE OUTLINE | J19: TABLE OUTLINE | K19: TABLE OUTLINE | L19: TABLE OUTLINE | M19: TABLE OUTLINE | N19: TABLE OUTLINE | O19: TABLE OUTLINE | P19: TABLE OUTLINE | Q19: TABLE OUTLINE | R19: TABLE OUTLINE | S19: TABLE OUTLINE | T19: TABLE OUTLINE | U19: TABLE OUTLINE | V19: TABLE OUTLINE | W19: TABLE OUTLINE | X19: TABLE OUTLINE | Y19: TABLE OUTLINE | Z19: TABLE OUTLINE | AA19: TABLE OUTLINE | AB19: TABLE OUTLINE | AC19: TABLE OUTLINE | AD19: TABLE OUTLINE | AE19: TABLE OUTLINE | AF19: TABLE OUTLINE | AG19: TABLE OUTLINE | AH19: TABLE OUTLINE

Sheet PP#2
A1: LM-10 SPINDLE 내구도 신뢰성 시험이력
A2: 수행기간 | B2: 산출물 | G2: 실험 적용 | Q2: 사전점검(시험 전 점검항목) | AG2: 특이사항
R4: 5회 가공회차 주기 | AE4: 40회 가공회차 주기 | AF4: 160회 가공회차 주기
G5: BUR 가공누적사용횟수 | L5: 가공물 | P5: 적용 상수 | Q5: 스핀들 유격 | R5: 스핀들 유격 점검 | V5: AG Mode Current(min-max) | Z5: 35000 RPM Current(min-max) and 스핀들 소음
A6: 가공일 | B6: 가공회차 | C6: 산출가공물 치수 측정결과 | D6: 시험완료여부 | E6: 가공시간(분단위 반올림) | F6: 비고 | G6: T1 | H6: T2 | I6: T3 | J6: T4 | K6: SPINDLE REV | L6: BLOCK 제조사 | M6: BLOCK 식별자 | N6: BLOCK 강도(MPa) | O6: BLOCK 재질 | P6: 가속 Factor | Q6: WATER TANK FILTER 청결상태 | R6: T1 | S6: T2 | T6: T3 | U6: T4 | V6: T1 | W6: T2 | X6: T3 | Y6: T4 | Z6: T1 | AA6: T2 | AB6: T3 | AC6: T4 | AD6: 스핀들 소음유무 측정 | AE6: 필터세척/유량계 유량 측정 | AF6: 필터교체/BELT TENSION 측정
A7: 45971 | B7: 1 | C7: =IF(B7="","", IF(MOD($B7,1)=0, "Dimensions: L W H", "-" ) ) -> Dimensions: L W H | D7: =IF(E7="","", IF(MOD($B7,1)=0, "완료", "-" ) ) -> 완료 | E7: 21분 | G7: 누락 | H7: - | I7: - | J7: 누락 | L7: VITA | M7: MARK II | N7: 160 | P7: =IF(LEN(A7)>0, 종합!$C$29, "") -> 2.26 | Q7: - | R7: =IF(MOD($B7,5)=0, "스핀들유격: ","-" ) -> - | S7: =IF(MOD($B7,5)=0, "스핀들유격: ","-" ) -> - | T7: =IF(MOD($B7,5)=0, "스핀들유격: ","-" ) -> - | U7: =IF(MOD($B7,5)=0, "스핀들유격: ","-" ) -> - | V7: =IF(MOD($B7,5)=0, "000-000","-" ) -> - | W7: =IF(MOD($B7,5)=0, "000-000","-" ) -> - | X7: =IF(MOD($B7,5)=0, "000-000","-" ) -> - | Y7: =IF(MOD($B7,5)=0, "000-000","-" ) -> - | Z7: =IF(MOD($B7,5)=0, "000-000","-" ) -> - | AA7: =IF(MOD($B7,5)=0, "000-000","-" ) -> - | AB7: =IF(MOD($B7,5)=0, "000-000","-" ) -> - | AC7: =IF(MOD($B7,5)=0, "000-000","-" ) -> - | AD7: =IF(MOD($B7,5)=0, "스핀들소음 :","-" ) -> - | AE7: =IF(MOD($B7,40)=0, "필터세척 :"& CHAR(10) & "FLOW (T1, T4 : / T2, T3 : / T4 : )","-" ) -> - | AF7: =IF($B7="","", IF(MOD($B7,160)=0, "TENSION (XL : / ZL : / XR : / ZR : / Y : )" & CHAR(10) & "필터교체", "-" ) ) -> - | AG7: -
A8: 45971 | B8: 2 | C8: =IF(B8="","", IF(MOD($B8,1)=0, "Dimensions: L W H", "-" ) ) -> Dimensions: L W H | D8: =IF(E8="","", IF(MOD($B8,1)=0, "완료", "-" ) ) -> 완료 | E8: 19분 | G8: 누락 | H8: - | I8: - | J8: 누락 | L8: VITA | M8: MARK II | N8: 160 | P8: =IF(LEN(A8)>0, 종합!$C$29, "") -> 2.26 | Q8: - | R8: =IF(MOD($B8,5)=0, "스핀들유격: ","-" ) -> - | S8: =IF(MOD($B8,5)=0, "스핀들유격: ","-" ) -> - | T8: =IF(MOD($B8,5)=0, "스핀들유격: ","-" ) -> - | U8: =IF(MOD($B8,5)=0, "스핀들유격: ","-" ) -> - | V8: =IF(MOD($B8,5)=0, "000-000","-" ) -> - | W8: =IF(MOD($B8,5)=0, "000-000","-" ) -> - | X8: =IF(MOD($B8,5)=0, "000-000","-" ) -> - | Y8: =IF(MOD($B8,5)=0, "000-000","-" ) -> - | Z8: =IF(MOD($B8,5)=0, "000-000","-" ) -> - | AA8: =IF(MOD($B8,5)=0, "000-000","-" ) -> - | AB8: =IF(MOD($B8,5)=0, "000-000","-" ) -> - | AC8: =IF(MOD($B8,5)=0, "000-000","-" ) -> - | AD8: =IF(MOD($B8,5)=0, "스핀들소음 :","-" ) -> - | AE8: =IF(MOD($B8,40)=0, "필터세척 :"& CHAR(10) & "FLOW (T1, T4 : / T2, T3 : / T4 : )","-" ) -> - | AF8: =IF($B8="","", IF(MOD(B8,160)=0, "TENSION (XL : / ZL : / XR : / ZR : / Y : )" & CHAR(10) & "필터교체", "-" ) ) -> - | AG8: -
A9: 45971 | B9: 2 | C9: =IF(B9="","", IF(MOD($B9,1)=0, "Dimensions: L W H", "-" ) ) -> Dimensions: L W H | D9: =IF(E9="","", IF(MOD($B9,1)=0, "완료", "-" ) ) -> 완료 | E9: 19분 | G9: 누락 | H9: - | I9: - | J9: 누락 | L9: VITA | M9: MARK II | N9: 160 | P9: =IF(LEN(A9)>0, 종합!$C$29, "") -> 2.26 | Q9: - | R9: =IF(MOD($B9,5)=0, "스핀들유격: ","-" ) -> - | S9: =IF(MOD($B9,5)=0, "스핀들유격: ","-" ) -> - | T9: =IF(MOD($B9,5)=0, "스핀들유격: ","-" ) -> - | U9: =IF(MOD($B9,5)=0, "스핀들유격: ","-" ) -> - | V9: =IF(MOD($B9,5)=0, "000-000","-" ) -> - | W9: =IF(MOD($B9,5)=0, "000-000","-" ) -> - | X9: =IF(MOD($B9,5)=0, "000-000","-" ) -> - | Y9: =IF(MOD($B9,5)=0, "000-000","-" ) -> - | Z9: =IF(MOD($B9,5)=0, "000-000","-" ) -> - | AA9: =IF(MOD($B9,5)=0, "000-000","-" ) -> - | AB9: =IF(MOD($B9,5)=0, "000-000","-" ) -> - | AC9: =IF(MOD($B9,5)=0, "000-000","-" ) -> - | AD9: =IF(MOD($B9,5)=0, "스핀들소음 :","-" ) -> - | AE9: =IF(MOD($B9,40)=0, "필터세척 :"& CHAR(10) & "FLOW (T1, T4 : / T2, T3 : / T4 : )","-" ) -> - | AF9: =IF($B9="","", IF(MOD(B9,160)=0, "TENSION (XL : / ZL : / XR : / ZR : / Y : )" & CHAR(10) & "필터교체", "-" ) ) -> - | AG9: -
A10: 45971 | B10: 4 | C10: =IF(B10="","", IF(MOD($B10,1)=0, "Dimensions: L W H", "-" ) ) -> Dimensions: L W H | D10: =IF(E10="","", IF(MOD($B10,1)=0, "완료", "-" ) ) -> 완료 | E10: 19분 | G10: 누락 | H10: - | I10: - | J10: 누락 | L10: VITA | M10: MARK II | N10: 160 | P10: =IF(LEN(A10)>0, 종합!$C$29, "") -> 2.26 | Q10: - | R10: =IF(MOD($B10,5)=0, "스핀들유격: ","-" ) -> - | S10: =IF(MOD($B10,5)=0, "스핀들유격: ","-" ) -> - | T10: =IF(MOD($B10,5)=0, "스핀들유격: ","-" ) -> - | U10: =IF(MOD($B10,5)=0, "스핀들유격: ","-" ) -> - | V10: =IF(MOD($B10,5)=0, "000-000","-" ) -> - | W10: =IF(MOD($B10,5)=0, "000-000","-" ) -> - | X10: =IF(MOD($B10,5)=0, "000-000","-" ) -> - | Y10: =IF(MOD($B10,5)=0, "000-000","-" ) -> - | Z10: =IF(MOD($B10,5)=0, "000-000","-" ) -> - | AA10: =IF(MOD($B10,5)=0, "000-000","-" ) -> - | AB10: =IF(MOD($B10,5)=0, "000-000","-" ) -> - | AC10: =IF(MOD($B10,5)=0, "000-000","-" ) -> - | AD10: =IF(MOD($B10,5)=0, "스핀들소음 :","-" ) -> - | AE10: =IF(MOD($B10,40)=0, "필터세척 :"& CHAR(10) & "FLOW (T1, T4 : / T2, T3 : / T4 : )","-" ) -> - | AF10: =IF($B10="","", IF(MOD(B10,160)=0, "TENSION (XL : / ZL : / XR : / ZR : / Y : )" & CHAR(10) & "필터교체", "-" ) ) -> - | AG10: -
A11: 45971 | B11: 5 | C11: =IF(B11="","", IF(MOD($B11,1)=0, "Dimensions: L W H", "-" ) ) -> Dimensions: L W H | D11: =IF(E11="","", IF(MOD($B11,1)=0, "완료", "-" ) ) -> 완료 | E11: 19분 | G11: 누락 | H11: - | I11: - | J11: 누락 | L11: VITA | M11: MARK II | N11: 160 | P11: =IF(LEN(A11)>0, 종합!$C$29, "") -> 2.26 | Q11: - | R11: 스핀들유격: 적정 | S11: 스핀들유격: 적정 | T11: 스핀들유격: 적정 | U11: 스핀들유격: 적정 | V11: 159-229 | W11: 92-170 | X11: 196-241 | Y11: 109-260 | Z11: 230-270 | AA11: 242-279 | AB11: 240-267 | AC11: 248-270 | AD11: 스핀들소음: 적정 | AE11: =IF(MOD($B11,40)=0, "필터세척 :"& CHAR(10) & "FLOW (T1, T4 : / T2, T3 : / T4 : )","-" ) -> - | AF11: =IF($B11="","", IF(MOD(B11,160)=0, "TENSION (XL : / ZL : / XR : / ZR : / Y : )" & CHAR(10) & "필터교체", "-" ) ) -> - | AG11: -
A12: 45971 | B12: 6 | C12: =IF(B12="","", IF(MOD($B12,1)=0, "Dimensions: L W H", "-" ) ) -> Dimensions: L W H | D12: =IF(E12="","", IF(MOD($B12,1)=0, "완료", "-" ) ) -> 완료 | E12: 19분 | G12: 누락 | H12: - | I12: - | J12: 누락 | L12: VITA | M12: MARK II | N12: 160 | P12: =IF(LEN(A12)>0, 종합!$C$29, "") -> 2.26 | Q12: - | R12: =IF(MOD($B12,5)=0, "스핀들유격: ","-" ) -> - | S12: =IF(MOD($B12,5)=0, "스핀들유격: ","-" ) -> - | T12: =IF(MOD($B12,5)=0, "스핀들유격: ","-" ) -> - | U12: =IF(MOD($B12,5)=0, "스핀들유격: ","-" ) -> - | V12: =IF(MOD($B12,5)=0, "000-000","-" ) -> - | W12: =IF(MOD($B12,5)=0, "000-000","-" ) -> - | X12: =IF(MOD($B12,5)=0, "000-000","-" ) -> - | Y12: =IF(MOD($B12,5)=0, "000-000","-" ) -> - | Z12: =IF(MOD($B12,5)=0, "000-000","-" ) -> - | AA12: =IF(MOD($B12,5)=0, "000-000","-" ) -> - | AB12: =IF(MOD($B12,5)=0, "000-000","-" ) -> - | AC12: =IF(MOD($B12,5)=0, "000-000","-" ) -> - | AD12: =IF(MOD($B12,5)=0, "스핀들소음 :","-" ) -> - | AE12: =IF(MOD($B12,40)=0, "필터세척 :"& CHAR(10) & "FLOW (T1, T4 : / T2, T3 : / T4 : )","-" ) -> - | AF12: =IF($B12="","", IF(MOD(B12,160)=0, "TENSION (XL : / ZL : / XR : / ZR : / Y : )" & CHAR(10) & "필터교체", "-" ) ) -> - | AG12: -
A13: 45972 | B13: 7 | C13: =IF(B13="","", IF(MOD($B13,1)=0, "Dimensions: L W H", "-" ) ) -> Dimensions: L W H | D13: =IF(E13="","", IF(MOD($B13,1)=0, "완료", "-" ) ) -> 완료 | E13: 23분 | G13: 0 | H13: - | I13: - | J13: 0 | L13: VITA | M13: MARK II | N13: 160 | P13: =IF(LEN(A13)>0, 종합!$C$29, "") -> 2.26 | Q13: - | R13: =IF(MOD($B13,5)=0, "스핀들유격: ","-" ) -> - | S13: =IF(MOD($B13,5)=0, "스핀들유격: ","-" ) -> - | T13: =IF(MOD($B13,5)=0, "스핀들유격: ","-" ) -> - | U13: =IF(MOD($B13,5)=0, "스핀들유격: ","-" ) -> - | V13: =IF(MOD($B13,5)=0, "000-000","-" ) -> - | W13: =IF(MOD($B13,5)=0, "000-000","-" ) -> - | X13: =IF(MOD($B13,5)=0, "000-000","-" ) -> - | Y13: =IF(MOD($B13,5)=0, "000-000","-" ) -> - | Z13: =IF(MOD($B13,5)=0, "000-000","-" ) -> - | AA13: =IF(MOD($B13,5)=0, "000-000","-" ) -> - | AB13: =IF(MOD($B13,5)=0, "000-000","-" ) -> - | AC13: =IF(MOD($B13,5)=0, "000-000","-" ) -> - | AD13: =IF(MOD($B13,5)=0, "스핀들소음 :","-" ) -> - | AE13: =IF(MOD($B13,40)=0, "필터세척 :"& CHAR(10) & "FLOW (T1, T4 : / T2, T3 : / T4 : )","-" ) -> - | AF13: =IF($B13="","", IF(MOD(B13,160)=0, "TENSION (XL : / ZL : / XR : / ZR : / Y : )" & CHAR(10) & "필터교체", "-" ) ) -> - | AG13: -
A14: 45972 | B14: 8 | C14: =IF(B14="","", IF(MOD($B14,1)=0, "Dimensions: L W H", "-" ) ) -> Dimensions: L W H | D14: 진행중 | E14: 21분 | G14: 1 | H14: - | I14: - | J14: 1 | L14: VITA | M14: MARK II | N14: 160 | P14: =IF(LEN(A14)>0, 종합!$C$29, "") -> 2.26 | Q14: - | R14: =IF(MOD($B14,5)=0, "스핀들유격: ","-" ) -> - | S14: =IF(MOD($B14,5)=0, "스핀들유격: ","-" ) -> - | T14: =IF(MOD($B14,5)=0, "스핀들유격: ","-" ) -> - | U14: =IF(MOD($B14,5)=0, "스핀들유격: ","-" ) -> - | V14: =IF(MOD($B14,5)=0, "000-000","-" ) -> - | W14: =IF(MOD($B14,5)=0, "000-000","-" ) -> - | X14: =IF(MOD($B14,5)=0, "000-000","-" ) -> - | Y14: =IF(MOD($B14,5)=0, "000-000","-" ) -> - | Z14: =IF(MOD($B14,5)=0, "000-000","-" ) -> - | AA14: =IF(MOD($B14,5)=0, "000-000","-" ) -> - | AB14: =IF(MOD($B14,5)=0, "000-000","-" ) -> - | AC14: =IF(MOD($B14,5)=0, "000-000","-" ) -> - | AD14: =IF(MOD($B14,5)=0, "스핀들소음 :","-" ) -> - | AE14: =IF(MOD($B14,40)=0, "필터세척 :"& CHAR(10) & "FLOW (T1, T4 : / T2, T3 : / T4 : )","-" ) -> - | AF14: =IF($B14="","", IF(MOD(B14,160)=0, "TENSION (XL : / ZL : / XR : / ZR : / Y : )" & CHAR(10) & "필터교체", "-" ) ) -> - | AG14: -
A20: TABLE OUTLINE | B20: TABLE OUTLINE | C20: TABLE OUTLINE | D20: TABLE OUTLINE | E20: TABLE OUTLINE | F20: TABLE OUTLINE | G20: TABLE OUTLINE | H20: TABLE OUTLINE | I20: TABLE OUTLINE | J20: TABLE OUTLINE | K20: TABLE OUTLINE | L20: TABLE OUTLINE | M20: TABLE OUTLINE | N20: TABLE OUTLINE | O20: TABLE OUTLINE | P20: TABLE OUTLINE | Q20: TABLE OUTLINE | R20: TABLE OUTLINE | S20: TABLE OUTLINE | T20: TABLE OUTLINE | U20: TABLE OUTLINE | V20: TABLE OUTLINE | W20: TABLE OUTLINE | X20: TABLE OUTLINE | Y20: TABLE OUTLINE | Z20: TABLE OUTLINE | AA20: TABLE OUTLINE | AB20: TABLE OUTLINE | AC20: TABLE OUTLINE | AD20: TABLE OUTLINE | AE20: TABLE OUTLINE | AF20: TABLE OUTLINE | AG20: TABLE OUTLINE | AH20: TABLE OUTLINE

Sheet PP#3
A1: LM-10 SPINDLE 내구도 신뢰성 시험이력
A2: 수행기간 | B2: 산출물 | G2: 실험 적용 | Q2: 사전점검(시험 전 점검항목) | AG2: 특이사항
R4: 5회 가공회차 주기 | AE4: 40회 가공회차 주기 | AF4: 160회 가공회차 주기
G5: BUR 가공누적사용횟수 | L5: 가공물 | P5: 적용 상수 | Q5: 스핀들 유격 | R5: 스핀들 유격 점검 | V5: AG Mode Current(min-max) | Z5: 35000 RPM Current(min-max) and 스핀들 소음
A6: 가공일 | B6: 가공회차 | C6: 산출가공물 치수 측정결과 | D6: 시험완료여부 | E6: 가공시간(분단위 반올림) | F6: 비고 | G6: T1 | H6: T2 | I6: T3 | J6: T4 | K6: SPINDLE REV | L6: BLOCK 제조사 | M6: BLOCK 식별자 | N6: BLOCK 강도(MPa) | O6: BLOCK 재질 | P6: 가속 Factor | Q6: WATER TANK FILTER 청결상태 | R6: T1 | S6: T2 | T6: T3 | U6: T4 | V6: T1 | W6: T2 | X6: T3 | Y6: T4 | Z6: T1 | AA6: T2 | AB6: T3 | AC6: T4 | AD6: 스핀들 소음유무 측정 | AE6: 필터세척/유량계 유량 측정 | AF6: 필터교체/BELT TENSION 측정
A7: 45971 | B7: 1 | C7: =IF(B7="","", IF(MOD($B7,1)=0, "Dimensions: L W H", "-" ) ) -> Dimensions: L W H | D7: =IF(E7="","", IF(MOD($B7,1)=0, "완료", "-" ) ) -> 완료 | E7: 21분 | G7: 누락 | H7: - | I7: - | J7: 누락 | L7: VITA | M7: MARK II | N7: 160 | P7: =IF(LEN(A7)>0, 종합!$C$29, "") -> 2.26 | Q7: - | R7: =IF(MOD($B7,5)=0, "스핀들유격: ","-" ) -> - | S7: =IF(MOD($B7,5)=0, "스핀들유격: ","-" ) -> - | T7: =IF(MOD($B7,5)=0, "스핀들유격: ","-" ) -> - | U7: =IF(MOD($B7,5)=0, "스핀들유격: ","-" ) -> - | V7: =IF(MOD($B7,5)=0, "000-000","-" ) -> - | W7: =IF(MOD($B7,5)=0, "000-000","-" ) -> - | X7: =IF(MOD($B7,5)=0, "000-000","-" ) -> - | Y7: =IF(MOD($B7,5)=0, "000-000","-" ) -> - | Z7: =IF(MOD($B7,5)=0, "000-000","-" ) -> - | AA7: =IF(MOD($B7,5)=0, "000-000","-" ) -> - | AB7: =IF(MOD($B7,5)=0, "000-000","-" ) -> - | AC7: =IF(MOD($B7,5)=0, "000-000","-" ) -> - | AD7: =IF(MOD($B7,5)=0, "스핀들소음 :","-" ) -> - | AE7: =IF(MOD($B7,40)=0, "필터세척 :"& CHAR(10) & "FLOW (T1, T4 : / T2, T3 : / T4 : )","-" ) -> - | AF7: =IF($B7="","", IF(MOD($B7,160)=0, "TENSION (XL : / ZL : / XR : / ZR : / Y : )" & CHAR(10) & "필터교체", "-" ) ) -> - | AG7: -
A8: 45971 | B8: 2 | C8: =IF(B8="","", IF(MOD($B8,1)=0, "Dimensions: L W H", "-" ) ) -> Dimensions: L W H | D8: =IF(E8="","", IF(MOD($B8,1)=0, "완료", "-" ) ) -> 완료 | E8: 19분 | G8: 누락 | H8: - | I8: - | J8: 누락 | L8: VITA | M8: MARK II | N8: 160 | P8: =IF(LEN(A8)>0, 종합!$C$29, "") -> 2.26 | Q8: - | R8: =IF(MOD($B8,5)=0, "스핀들유격: ","-" ) -> - | S8: =IF(MOD($B8,5)=0, "스핀들유격: ","-" ) -> - | T8: =IF(MOD($B8,5)=0, "스핀들유격: ","-" ) -> - | U8: =IF(MOD($B8,5)=0, "스핀들유격: ","-" ) -> - | V8: =IF(MOD($B8,5)=0, "000-000","-" ) -> - | W8: =IF(MOD($B8,5)=0, "000-000","-" ) -> - | X8: =IF(MOD($B8,5)=0, "000-000","-" ) -> - | Y8: =IF(MOD($B8,5)=0, "000-000","-" ) -> - | Z8: =IF(MOD($B8,5)=0, "000-000","-" ) -> - | AA8: =IF(MOD($B8,5)=0, "000-000","-" ) -> - | AB8: =IF(MOD($B8,5)=0, "000-000","-" ) -> - | AC8: =IF(MOD($B8,5)=0, "000-000","-" ) -> - | AD8: =IF(MOD($B8,5)=0, "스핀들소음 :","-" ) -> - | AE8: =IF(MOD($B8,40)=0, "필터세척 :"& CHAR(10) & "FLOW (T1, T4 : / T2, T3 : / T4 : )","-" ) -> - | AF8: =IF($B8="","", IF(MOD(B8,160)=0, "TENSION (XL : / ZL : / XR : / ZR : / Y : )" & CHAR(10) & "필터교체", "-" ) ) -> - | AG8: -
A9: 45971 | B9: 2 | C9: =IF(B9="","", IF(MOD($B9,1)=0, "Dimensions: L W H", "-" ) ) -> Dimensions: L W H | D9: =IF(E9="","", IF(MOD($B9,1)=0, "완료", "-" ) ) -> 완료 | E9: 19분 | G9: 누락 | H9: - | I9: - | J9: 누락 | L9: VITA | M9: MARK II | N9: 160 | P9: =IF(LEN(A9)>0, 종합!$C$29, "") -> 2.26 | Q9: - | R9: =IF(MOD($B9,5)=0, "스핀들유격: ","-" ) -> - | S9: =IF(MOD($B9,5)=0, "스핀들유격: ","-" ) -> - | T9: =IF(MOD($B9,5)=0, "스핀들유격: ","-" ) -> - | U9: =IF(MOD($B9,5)=0, "스핀들유격: ","-" ) -> - | V9: =IF(MOD($B9,5)=0, "000-000","-" ) -> - | W9: =IF(MOD($B9,5)=0, "000-000","-" ) -> - | X9: =IF(MOD($B9,5)=0, "000-000","-" ) -> - | Y9: =IF(MOD($B9,5)=0, "000-000","-" ) -> - | Z9: =IF(MOD($B9,5)=0, "000-000","-" ) -> - | AA9: =IF(MOD($B9,5)=0, "000-000","-" ) -> - | AB9: =IF(MOD($B9,5)=0, "000-000","-" ) -> - | AC9: =IF(MOD($B9,5)=0, "000-000","-" ) -> - | AD9: =IF(MOD($B9,5)=0, "스핀들소음 :","-" ) -> - | AE9: =IF(MOD($B9,40)=0, "필터세척 :"& CHAR(10) & "FLOW (T1, T4 : / T2, T3 : / T4 : )","-" ) -> - | AF9: =IF($B9="","", IF(MOD(B9,160)=0, "TENSION (XL : / ZL : / XR : / ZR : / Y : )" & CHAR(10) & "필터교체", "-" ) ) -> - | AG9: -
A10: 45971 | B10: 4 | C10: =IF(B10="","", IF(MOD($B10,1)=0, "Dimensions: L W H", "-" ) ) -> Dimensions: L W H | D10: =IF(E10="","", IF(MOD($B10,1)=0, "완료", "-" ) ) -> 완료 | E10: 19분 | G10: 누락 | H10: - | I10: - | J10: 누락 | L10: VITA | M10: MARK II | N10: 160 | P10: =IF(LEN(A10)>0, 종합!$C$29, "") -> 2.26 | Q10: - | R10: =IF(MOD($B10,5)=0, "스핀들유격: ","-" ) -> - | S10: =IF(MOD($B10,5)=0, "스핀들유격: ","-" ) -> - | T10: =IF(MOD($B10,5)=0, "스핀들유격: ","-" ) -> - | U10: =IF(MOD($B10,5)=0, "스핀들유격: ","-" ) -> - | V10: =IF(MOD($B10,5)=0, "000-000","-" ) -> - | W10: =IF(MOD($B10,5)=0, "000-000","-" ) -> - | X10: =IF(MOD($B10,5)=0, "000-000","-" ) -> - | Y10: =IF(MOD($B10,5)=0, "000-000","-" ) -> - | Z10: =IF(MOD($B10,5)=0, "000-000","-" ) -> - | AA10: =IF(MOD($B10,5)=0, "000-000","-" ) -> - | AB10: =IF(MOD($B10,5)=0, "000-000","-" ) -> - | AC10: =IF(MOD($B10,5)=0, "000-000","-" ) -> - | AD10: =IF(MOD($B10,5)=0, "스핀들소음 :","-" ) -> - | AE10: =IF(MOD($B10,40)=0, "필터세척 :"& CHAR(10) & "FLOW (T1, T4 : / T2, T3 : / T4 : )","-" ) -> - | AF10: =IF($B10="","", IF(MOD(B10,160)=0, "TENSION (XL : / ZL : / XR : / ZR : / Y : )" & CHAR(10) & "필터교체", "-" ) ) -> - | AG10: -
A11: 45971 | B11: 5 | C11: =IF(B11="","", IF(MOD($B11,1)=0, "Dimensions: L W H", "-" ) ) -> Dimensions: L W H | D11: =IF(E11="","", IF(MOD($B11,1)=0, "완료", "-" ) ) -> 완료 | E11: 19분 | G11: 누락 | H11: - | I11: - | J11: 누락 | L11: VITA | M11: MARK II | N11: 160 | P11: =IF(LEN(A11)>0, 종합!$C$29, "") -> 2.26 | Q11: - | R11: 스핀들유격: 적정 | S11: 스핀들유격: 적정 | T11: 스핀들유격: 적정 | U11: 스핀들유격: 적정 | V11: 101-223 | W11: 132-320 | X11: 113-202 | Y11: 100-343 | Z11: 245-291 | AA11: 264-310 | AB11: 208-270 | AC11: 206-250 | AD11: 스핀들소음: 적정 | AE11: =IF(MOD($B11,40)=0, "필터세척 :"& CHAR(10) & "FLOW (T1, T4 : / T2, T3 : / T4 : )","-" ) -> - | AF11: =IF($B11="","", IF(MOD(B11,160)=0, "TENSION (XL : / ZL : / XR : / ZR : / Y : )" & CHAR(10) & "필터교체", "-" ) ) -> - | AG11: -
A12: 45971 | B12: 6 | C12: =IF(B12="","", IF(MOD($B12,1)=0, "Dimensions: L W H", "-" ) ) -> Dimensions: L W H | D12: =IF(E12="","", IF(MOD($B12,1)=0, "완료", "-" ) ) -> 완료 | E12: 19분 | G12: 누락 | H12: - | I12: - | J12: 누락 | L12: VITA | M12: MARK II | N12: 160 | P12: =IF(LEN(A12)>0, 종합!$C$29, "") -> 2.26 | Q12: - | R12: =IF(MOD($B12,5)=0, "스핀들유격: ","-" ) -> - | S12: =IF(MOD($B12,5)=0, "스핀들유격: ","-" ) -> - | T12: =IF(MOD($B12,5)=0, "스핀들유격: ","-" ) -> - | U12: =IF(MOD($B12,5)=0, "스핀들유격: ","-" ) -> - | V12: =IF(MOD($B12,5)=0, "000-000","-" ) -> - | W12: =IF(MOD($B12,5)=0, "000-000","-" ) -> - | X12: =IF(MOD($B12,5)=0, "000-000","-" ) -> - | Y12: =IF(MOD($B12,5)=0, "000-000","-" ) -> - | Z12: =IF(MOD($B12,5)=0, "000-000","-" ) -> - | AA12: =IF(MOD($B12,5)=0, "000-000","-" ) -> - | AB12: =IF(MOD($B12,5)=0, "000-000","-" ) -> - | AC12: =IF(MOD($B12,5)=0, "000-000","-" ) -> - | AD12: =IF(MOD($B12,5)=0, "스핀들소음 :","-" ) -> - | AE12: =IF(MOD($B12,40)=0, "필터세척 :"& CHAR(10) & "FLOW (T1, T4 : / T2, T3 : / T4 : )","-" ) -> - | AF12: =IF($B12="","", IF(MOD(B12,160)=0, "TENSION (XL : / ZL : / XR : / ZR : / Y : )" & CHAR(10) & "필터교체", "-" ) ) -> - | AG12: -
A13: 45972 | B13: 7 | C13: =IF(B13="","", IF(MOD($B13,1)=0, "Dimensions: L W H", "-" ) ) -> Dimensions: L W H | D13: =IF(E13="","", IF(MOD($B13,1)=0, "완료", "-" ) ) -> 완료 | E13: 23분 | G13: 0 | H13: - | I13: - | J13: 0 | L13: VITA | M13: MARK II | N13: 160 | P13: =IF(LEN(A13)>0, 종합!$C$29, "") -> 2.26 | Q13: - | R13: =IF(MOD($B13,5)=0, "스핀들유격: ","-" ) -> - | S13: =IF(MOD($B13,5)=0, "스핀들유격: ","-" ) -> - | T13: =IF(MOD($B13,5)=0, "스핀들유격: ","-" ) -> - | U13: =IF(MOD($B13,5)=0, "스핀들유격: ","-" ) -> - | V13: =IF(MOD($B13,5)=0, "000-000","-" ) -> - | W13: =IF(MOD($B13,5)=0, "000-000","-" ) -> - | X13: =IF(MOD($B13,5)=0, "000-000","-" ) -> - | Y13: =IF(MOD($B13,5)=0, "000-000","-" ) -> - | Z13: =IF(MOD($B13,5)=0, "000-000","-" ) -> - | AA13: =IF(MOD($B13,5)=0, "000-000","-" ) -> - | AB13: =IF(MOD($B13,5)=0, "000-000","-" ) -> - | AC13: =IF(MOD($B13,5)=0, "000-000","-" ) -> - | AD13: =IF(MOD($B13,5)=0, "스핀들소음 :","-" ) -> - | AE13: =IF(MOD($B13,40)=0, "필터세척 :"& CHAR(10) & "FLOW (T1, T4 : / T2, T3 : / T4 : )","-" ) -> - | AF13: =IF($B13="","", IF(MOD(B13,160)=0, "TENSION (XL : / ZL : / XR : / ZR : / Y : )" & CHAR(10) & "필터교체", "-" ) ) -> - | AG13: -
A14: 45972 | B14: 8 | C14: =IF(B14="","", IF(MOD($B14,1)=0, "Dimensions: L W H", "-" ) ) -> Dimensions: L W H | D14: 진행중 | E14: 21분 | G14: 1 | H14: - | I14: - | J14: 1 | L14: VITA | M14: MARK II | N14: 160 | P14: =IF(LEN(A14)>0, 종합!$C$29, "") -> 2.26 | Q14: - | R14: =IF(MOD($B14,5)=0, "스핀들유격: ","-" ) -> - | S14: =IF(MOD($B14,5)=0, "스핀들유격: ","-" ) -> - | T14: =IF(MOD($B14,5)=0, "스핀들유격: ","-" ) -> - | U14: =IF(MOD($B14,5)=0, "스핀들유격: ","-" ) -> - | V14: =IF(MOD($B14,5)=0, "000-000","-" ) -> - | W14: =IF(MOD($B14,5)=0, "000-000","-" ) -> - | X14: =IF(MOD($B14,5)=0, "000-000","-" ) -> - | Y14: =IF(MOD($B14,5)=0, "000-000","-" ) -> - | Z14: =IF(MOD($B14,5)=0, "000-000","-" ) -> - | AA14: =IF(MOD($B14,5)=0, "000-000","-" ) -> - | AB14: =IF(MOD($B14,5)=0, "000-000","-" ) -> - | AC14: =IF(MOD($B14,5)=0, "000-000","-" ) -> - | AD14: =IF(MOD($B14,5)=0, "스핀들소음 :","-" ) -> - | AE14: =IF(MOD($B14,40)=0, "필터세척 :"& CHAR(10) & "FLOW (T1, T4 : / T2, T3 : / T4 : )","-" ) -> - | AF14: =IF($B14="","", IF(MOD(B14,160)=0, "TENSION (XL : / ZL : / XR : / ZR : / Y : )" & CHAR(10) & "필터교체", "-" ) ) -> - | AG14: -
A20: TABLE OUTLINE | B20: TABLE OUTLINE | C20: TABLE OUTLINE | D20: TABLE OUTLINE | E20: TABLE OUTLINE | F20: TABLE OUTLINE | G20: TABLE OUTLINE | H20: TABLE OUTLINE | I20: TABLE OUTLINE | J20: TABLE OUTLINE | K20: TABLE OUTLINE | L20: TABLE OUTLINE | M20: TABLE OUTLINE | N20: TABLE OUTLINE | O20: TABLE OUTLINE | P20: TABLE OUTLINE | Q20: TABLE OUTLINE | R20: TABLE OUTLINE | S20: TABLE OUTLINE | T20: TABLE OUTLINE | U20: TABLE OUTLINE | V20: TABLE OUTLINE | W20: TABLE OUTLINE | X20: TABLE OUTLINE | Y20: TABLE OUTLINE | Z20: TABLE OUTLINE | AA20: TABLE OUTLINE | AB20: TABLE OUTLINE | AC20: TABLE OUTLINE | AD20: TABLE OUTLINE | AE20: TABLE OUTLINE | AF20: TABLE OUTLINE | AG20: TABLE OUTLINE | AH20: TABLE OUTLINE

Sheet PP#4
A1: LM-10 SPINDLE 내구도 신뢰성 시험이력
A2: 수행기간 | B2: 산출물 | G2: 실험 적용 | Q2: 사전점검(시험 전 점검항목) | AG2: 특이사항
R4: 5회 가공회차 주기 | AE4: 40회 가공회차 주기 | AF4: 160회 가공회차 주기
G5: BUR 가공누적사용횟수 | L5: 가공물 | P5: 적용 상수 | Q5: 스핀들 유격 | R5: 스핀들 유격 점검 | V5: AG Mode Current(min-max) | Z5: 35000 RPM Current(min-max) and 스핀들 소음
A6: 가공일 | B6: 가공회차 | C6: 산출가공물 치수 측정결과 | D6: 시험완료여부 | E6: 가공시간(분단위 반올림) | F6: 비고 | G6: T1 | H6: T2 | I6: T3 | J6: T4 | K6: SPINDLE REV | L6: BLOCK 제조사 | M6: BLOCK 식별자 | N6: BLOCK 강도(MPa) | O6: BLOCK 재질 | P6: 가속 Factor | Q6: WATER TANK FILTER 청결상태 | R6: T1 | S6: T2 | T6: T3 | U6: T4 | V6: T1 | W6: T2 | X6: T3 | Y6: T4 | Z6: T1 | AA6: T2 | AB6: T3 | AC6: T4 | AD6: 스핀들 소음유무 측정 | AE6: 필터세척/유량계 유량 측정 | AF6: 필터교체/BELT TENSION 측정
A7: 45971 | B7: 1 | C7: =IF(B7="","", IF(MOD($B7,1)=0, "Dimensions: L W H", "-" ) ) -> Dimensions: L W H | D7: =IF(E7="","", IF(MOD($B7,1)=0, "완료", "-" ) ) -> 완료 | E7: 21분 | G7: 누락 | H7: - | I7: - | J7: 누락 | L7: VITA | M7: MARK II | N7: 160 | P7: =IF(LEN(A7)>0, 종합!$C$29, "") -> 2.26 | Q7: - | R7: =IF(MOD($B7,5)=0, "스핀들유격: ","-" ) -> - | S7: =IF(MOD($B7,5)=0, "스핀들유격: ","-" ) -> - | T7: =IF(MOD($B7,5)=0, "스핀들유격: ","-" ) -> - | U7: =IF(MOD($B7,5)=0, "스핀들유격: ","-" ) -> - | V7: =IF(MOD($B7,5)=0, "000-000","-" ) -> - | W7: =IF(MOD($B7,5)=0, "000-000","-" ) -> - | X7: =IF(MOD($B7,5)=0, "000-000","-" ) -> - | Y7: =IF(MOD($B7,5)=0, "000-000","-" ) -> - | Z7: =IF(MOD($B7,5)=0, "000-000","-" ) -> - | AA7: =IF(MOD($B7,5)=0, "000-000","-" ) -> - | AB7: =IF(MOD($B7,5)=0, "000-000","-" ) -> - | AC7: =IF(MOD($B7,5)=0, "000-000","-" ) -> - | AD7: =IF(MOD($B7,5)=0, "스핀들소음 :","-" ) -> - | AE7: =IF(MOD($B7,40)=0, "필터세척 :"& CHAR(10) & "FLOW (T1, T4 : / T2, T3 : / T4 : )","-" ) -> - | AF7: =IF($B7="","", IF(MOD($B7,160)=0, "TENSION (XL : / ZL : / XR : / ZR : / Y : )" & CHAR(10) & "필터교체", "-" ) ) -> - | AG7: -
A8: 45971 | B8: 2 | C8: =IF(B8="","", IF(MOD($B8,1)=0, "Dimensions: L W H", "-" ) ) -> Dimensions: L W H | D8: =IF(E8="","", IF(MOD($B8,1)=0, "완료", "-" ) ) -> 완료 | E8: 19분 | G8: 누락 | H8: - | I8: - | J8: 누락 | L8: VITA | M8: MARK II | N8: 160 | P8: =IF(LEN(A8)>0, 종합!$C$29, "") -> 2.26 | Q8: - | R8: =IF(MOD($B8,5)=0, "스핀들유격: ","-" ) -> - | S8: =IF(MOD($B8,5)=0, "스핀들유격: ","-" ) -> - | T8: =IF(MOD($B8,5)=0, "스핀들유격: ","-" ) -> - | U8: =IF(MOD($B8,5)=0, "스핀들유격: ","-" ) -> - | V8: =IF(MOD($B8,5)=0, "000-000","-" ) -> - | W8: =IF(MOD($B8,5)=0, "000-000","-" ) -> - | X8: =IF(MOD($B8,5)=0, "000-000","-" ) -> - | Y8: =IF(MOD($B8,5)=0, "000-000","-" ) -> - | Z8: =IF(MOD($B8,5)=0, "000-000","-" ) -> - | AA8: =IF(MOD($B8,5)=0, "000-000","-" ) -> - | AB8: =IF(MOD($B8,5)=0, "000-000","-" ) -> - | AC8: =IF(MOD($B8,5)=0, "000-000","-" ) -> - | AD8: =IF(MOD($B8,5)=0, "스핀들소음 :","-" ) -> - | AE8: =IF(MOD($B8,40)=0, "필터세척 :"& CHAR(10) & "FLOW (T1, T4 : / T2, T3 : / T4 : )","-" ) -> - | AF8: =IF($B8="","", IF(MOD(B8,160)=0, "TENSION (XL : / ZL : / XR : / ZR : / Y : )" & CHAR(10) & "필터교체", "-" ) ) -> - | AG8: -
A9: 45971 | B9: 2 | C9: =IF(B9="","", IF(MOD($B9,1)=0, "Dimensions: L W H", "-" ) ) -> Dimensions: L W H | D9: =IF(E9="","", IF(MOD($B9,1)=0, "완료", "-" ) ) -> 완료 | E9: 19분 | G9: 누락 | H9: - | I9: - | J9: 누락 | L9: VITA | M9: MARK II | N9: 160 | P9: =IF(LEN(A9)>0, 종합!$C$29, "") -> 2.26 | Q9: - | R9: =IF(MOD($B9,5)=0, "스핀들유격: ","-" ) -> - | S9: =IF(MOD($B9,5)=0, "스핀들유격: ","-" ) -> - | T9: =IF(MOD($B9,5)=0, "스핀들유격: ","-" ) -> - | U9: =IF(MOD($B9,5)=0, "스핀들유격: ","-" ) -> - | V9: =IF(MOD($B9,5)=0, "000-000","-" ) -> - | W9: =IF(MOD($B9,5)=0, "000-000","-" ) -> - | X9: =IF(MOD($B9,5)=0, "000-000","-" ) -> - | Y9: =IF(MOD($B9,5)=0, "000-000","-" ) -> - | Z9: =IF(MOD($B9,5)=0, "000-000","-" ) -> - | AA9: =IF(MOD($B9,5)=0, "000-000","-" ) -> - | AB9: =IF(MOD($B9,5)=0, "000-000","-" ) -> - | AC9: =IF(MOD($B9,5)=0, "000-000","-" ) -> - | AD9: =IF(MOD($B9,5)=0, "스핀들소음 :","-" ) -> - | AE9: =IF(MOD($B9,40)=0, "필터세척 :"& CHAR(10) & "FLOW (T1, T4 : / T2, T3 : / T4 : )","-" ) -> - | AF9: =IF($B9="","", IF(MOD(B9,160)=0, "TENSION (XL : / ZL : / XR : / ZR : / Y : )" & CHAR(10) & "필터교체", "-" ) ) -> - | AG9: -
A10: 45971 | B10: 4 | C10: =IF(B10="","", IF(MOD($B10,1)=0, "Dimensions: L W H", "-" ) ) -> Dimensions: L W H | D10: =IF(E10="","", IF(MOD($B10,1)=0, "완료", "-" ) ) -> 완료 | E10: 19분 | G10: 누락 | H10: - | I10: - | J10: 누락 | L10: VITA | M10: MARK II | N10: 160 | P10: =IF(LEN(A10)>0, 종합!$C$29, "") -> 2.26 | Q10: - | R10: =IF(MOD($B10,5)=0, "스핀들유격: ","-" ) -> - | S10: =IF(MOD($B10,5)=0, "스핀들유격: ","-" ) -> - | T10: =IF(MOD($B10,5)=0, "스핀들유격: ","-" ) -> - | U10: =IF(MOD($B10,5)=0, "스핀들유격: ","-" ) -> - | V10: =IF(MOD($B10,5)=0, "000-000","-" ) -> - | W10: =IF(MOD($B10,5)=0, "000-000","-" ) -> - | X10: =IF(MOD($B10,5)=0, "000-000","-" ) -> - | Y10: =IF(MOD($B10,5)=0, "000-000","-" ) -> - | Z10: =IF(MOD($B10,5)=0, "000-000","-" ) -> - | AA10: =IF(MOD($B10,5)=0, "000-000","-" ) -> - | AB10: =IF(MOD($B10,5)=0, "000-000","-" ) -> - | AC10: =IF(MOD($B10,5)=0, "000-000","-" ) -> - | AD10: =IF(MOD($B10,5)=0, "스핀들소음 :","-" ) -> - | AE10: =IF(MOD($B10,40)=0, "필터세척 :"& CHAR(10) & "FLOW (T1, T4 : / T2, T3 : / T4 : )","-" ) -> - | AF10: =IF($B10="","", IF(MOD(B10,160)=0, "TENSION (XL : / ZL : / XR : / ZR : / Y : )" & CHAR(10) & "필터교체", "-" ) ) -> - | AG10: -
A11: 45971 | B11: 5 | C11: =IF(B11="","", IF(MOD($B11,1)=0, "Dimensions: L W H", "-" ) ) -> Dimensions: L W H | D11: =IF(E11="","", IF(MOD($B11,1)=0, "완료", "-" ) ) -> 완료 | E11: 19분 | G11: 누락 | H11: - | I11: - | J11: 누락 | L11: VITA | M11: MARK II | N11: 160 | P11: =IF(LEN(A11)>0, 종합!$C$29, "") -> 2.26 | Q11: - | R11: 스핀들유격: 적정 | S11: 스핀들유격: 적정 | T11: 스핀들유격: 적정 | U11: 스핀들유격: 적정 | V11: 193-301 | W11: 173-418 | X11: 189-314 | Y11: 199-415 | Z11: =IF(MOD($B11,5)=0, "000-000","-" ) -> 000-000 | AA11: =IF(MOD($B11,5)=0, "000-000","-" ) -> 000-000 | AB11: =IF(MOD($B11,5)=0, "000-000","-" ) -> 000-000 | AC11: =IF(MOD($B11,5)=0, "000-000","-" ) -> 000-000 | AD11: 스핀들소음: 적정 | AE11: =IF(MOD($B11,40)=0, "필터세척 :"& CHAR(10) & "FLOW (T1, T4 : / T2, T3 : / T4 : )","-" ) -> - | AF11: =IF($B11="","", IF(MOD(B11,160)=0, "TENSION (XL : / ZL : / XR : / ZR : / Y : )" & CHAR(10) & "필터교체", "-" ) ) -> - | AG11: -
A12: 45971 | B12: 6 | C12: =IF(B12="","", IF(MOD($B12,1)=0, "Dimensions: L W H", "-" ) ) -> Dimensions: L W H | D12: =IF(E12="","", IF(MOD($B12,1)=0, "완료", "-" ) ) -> 완료 | E12: 19분 | G12: 누락 | H12: - | I12: - | J12: 누락 | L12: VITA | M12: MARK II | N12: 160 | P12: =IF(LEN(A12)>0, 종합!$C$29, "") -> 2.26 | Q12: - | R12: =IF(MOD($B12,5)=0, "스핀들유격: ","-" ) -> - | S12: =IF(MOD($B12,5)=0, "스핀들유격: ","-" ) -> - | T12: =IF(MOD($B12,5)=0, "스핀들유격: ","-" ) -> - | U12: =IF(MOD($B12,5)=0, "스핀들유격: ","-" ) -> - | V12: =IF(MOD($B12,5)=0, "000-000","-" ) -> - | W12: =IF(MOD($B12,5)=0, "000-000","-" ) -> - | X12: =IF(MOD($B12,5)=0, "000-000","-" ) -> - | Y12: =IF(MOD($B12,5)=0, "000-000","-" ) -> - | Z12: =IF(MOD($B12,5)=0, "000-000","-" ) -> - | AA12: =IF(MOD($B12,5)=0, "000-000","-" ) -> - | AB12: =IF(MOD($B12,5)=0, "000-000","-" ) -> - | AC12: =IF(MOD($B12,5)=0, "000-000","-" ) -> - | AD12: =IF(MOD($B12,5)=0, "스핀들소음 :","-" ) -> - | AE12: =IF(MOD($B12,40)=0, "필터세척 :"& CHAR(10) & "FLOW (T1, T4 : / T2, T3 : / T4 : )","-" ) -> - | AF12: =IF($B12="","", IF(MOD(B12,160)=0, "TENSION (XL : / ZL : / XR : / ZR : / Y : )" & CHAR(10) & "필터교체", "-" ) ) -> - | AG12: -
A13: 45972 | B13: 7 | C13: =IF(B13="","", IF(MOD($B13,1)=0, "Dimensions: L W H", "-" ) ) -> Dimensions: L W H | D13: =IF(E13="","", IF(MOD($B13,1)=0, "완료", "-" ) ) -> 완료 | E13: 23분 | G13: 0 | H13: - | I13: - | J13: 0 | L13: VITA | M13: MARK II | N13: 160 | P13: =IF(LEN(A13)>0, 종합!$C$29, "") -> 2.26 | Q13: - | R13: =IF(MOD($B13,5)=0, "스핀들유격: ","-" ) -> - | S13: =IF(MOD($B13,5)=0, "스핀들유격: ","-" ) -> - | T13: =IF(MOD($B13,5)=0, "스핀들유격: ","-" ) -> - | U13: =IF(MOD($B13,5)=0, "스핀들유격: ","-" ) -> - | V13: =IF(MOD($B13,5)=0, "000-000","-" ) -> - | W13: =IF(MOD($B13,5)=0, "000-000","-" ) -> - | X13: =IF(MOD($B13,5)=0, "000-000","-" ) -> - | Y13: =IF(MOD($B13,5)=0, "000-000","-" ) -> - | Z13: =IF(MOD($B13,5)=0, "000-000","-" ) -> - | AA13: =IF(MOD($B13,5)=0, "000-000","-" ) -> - | AB13: =IF(MOD($B13,5)=0, "000-000","-" ) -> - | AC13: =IF(MOD($B13,5)=0, "000-000","-" ) -> - | AD13: =IF(MOD($B13,5)=0, "스핀들소음 :","-" ) -> - | AE13: =IF(MOD($B13,40)=0, "필터세척 :"& CHAR(10) & "FLOW (T1, T4 : / T2, T3 : / T4 : )","-" ) -> - | AF13: =IF($B13="","", IF(MOD(B13,160)=0, "TENSION (XL : / ZL : / XR : / ZR : / Y : )" & CHAR(10) & "필터교체", "-" ) ) -> - | AG13: -
A14: 45972 | B14: 8 | C14: =IF(B14="","", IF(MOD($B14,1)=0, "Dimensions: L W H", "-" ) ) -> Dimensions: L W H | D14: 진행중 | E14: 21분 | G14: 1 | H14: - | I14: - | J14: 1 | L14: VITA | M14: MARK II | N14: 160 | P14: =IF(LEN(A14)>0, 종합!$C$29, "") -> 2.26 | Q14: - | R14: =IF(MOD($B14,5)=0, "스핀들유격: ","-" ) -> - | S14: =IF(MOD($B14,5)=0, "스핀들유격: ","-" ) -> - | T14: =IF(MOD($B14,5)=0, "스핀들유격: ","-" ) -> - | U14: =IF(MOD($B14,5)=0, "스핀들유격: ","-" ) -> - | V14: =IF(MOD($B14,5)=0, "000-000","-" ) -> - | W14: =IF(MOD($B14,5)=0, "000-000","-" ) -> - | X14: =IF(MOD($B14,5)=0, "000-000","-" ) -> - | Y14: =IF(MOD($B14,5)=0, "000-000","-" ) -> - | Z14: =IF(MOD($B14,5)=0, "000-000","-" ) -> - | AA14: =IF(MOD($B14,5)=0, "000-000","-" ) -> - | AB14: =IF(MOD($B14,5)=0, "000-000","-" ) -> - | AC14: =IF(MOD($B14,5)=0, "000-000","-" ) -> - | AD14: =IF(MOD($B14,5)=0, "스핀들소음 :","-" ) -> - | AE14: =IF(MOD($B14,40)=0, "필터세척 :"& CHAR(10) & "FLOW (T1, T4 : / T2, T3 : / T4 : )","-" ) -> - | AF14: =IF($B14="","", IF(MOD(B14,160)=0, "TENSION (XL : / ZL : / XR : / ZR : / Y : )" & CHAR(10) & "필터교체", "-" ) ) -> - | AG14: -
A20: TABLE OUTLINE | B20: TABLE OUTLINE | C20: TABLE OUTLINE | D20: TABLE OUTLINE | E20: TABLE OUTLINE | F20: TABLE OUTLINE | G20: TABLE OUTLINE | H20: TABLE OUTLINE | I20: TABLE OUTLINE | J20: TABLE OUTLINE | K20: TABLE OUTLINE | L20: TABLE OUTLINE | M20: TABLE OUTLINE | N20: TABLE OUTLINE | O20: TABLE OUTLINE | P20: TABLE OUTLINE | Q20: TABLE OUTLINE | R20: TABLE OUTLINE | S20: TABLE OUTLINE | T20: TABLE OUTLINE | U20: TABLE OUTLINE | V20: TABLE OUTLINE | W20: TABLE OUTLINE | X20: TABLE OUTLINE | Y20: TABLE OUTLINE | Z20: TABLE OUTLINE | AA20: TABLE OUTLINE | AB20: TABLE OUTLINE | AC20: TABLE OUTLINE | AD20: TABLE OUTLINE | AE20: TABLE OUTLINE | AF20: TABLE OUTLINE | AG20: TABLE OUTLINE | AH20: TABLE OUTLINE

Sheet PP#5
A1: LM-10 SPINDLE 내구도 신뢰성 시험이력
A2: 수행기간 | B2: 산출물 | G2: 실험 적용 | Q2: 사전점검(시험 전 점검항목) | AG2: 특이사항
R4: 5회 가공회차 주기 | AE4: 40회 가공회차 주기 | AF4: 160회 가공회차 주기
G5: BUR 가공누적사용횟수 | L5: 가공물 | P5: 적용 상수 | Q5: 스핀들 유격 | R5: 스핀들 유격 점검 | V5: AG Mode Current(min-max) | Z5: 35000 RPM Current(min-max) and 스핀들 소음
A6: 가공일 | B6: 가공회차 | C6: 산출가공물 치수 측정결과 | D6: 시험완료여부 | E6: 가공시간(분단위 반올림) | F6: 비고 | G6: T1 | H6: T2 | I6: T3 | J6: T4 | K6: SPINDLE REV | L6: BLOCK 제조사 | M6: BLOCK 식별자 | N6: BLOCK 강도(MPa) | O6: BLOCK 재질 | P6: 가속 Factor | Q6: WATER TANK FILTER 청결상태 | R6: T1 | S6: T2 | T6: T3 | U6: T4 | V6: T1 | W6: T2 | X6: T3 | Y6: T4 | Z6: T1 | AA6: T2 | AB6: T3 | AC6: T4 | AD6: 스핀들 소음유무 측정 | AE6: 필터세척/유량계 유량 측정 | AF6: 필터교체/BELT TENSION 측정
A7: 45971 | B7: 1 | C7: =IF(B7="","", IF(MOD($B7,1)=0, "Dimensions: L W H", "-" ) ) -> Dimensions: L W H | D7: =IF(E7="","", IF(MOD($B7,1)=0, "완료", "-" ) ) -> 완료 | E7: 21분 | G7: 누락 | H7: - | I7: - | J7: 누락 | L7: VITA | M7: MARK II | N7: 160 | P7: =IF(LEN(A7)>0, 종합!$C$29, "") -> 2.26 | Q7: - | R7: =IF(MOD($B7,5)=0, "스핀들유격: ","-" ) -> - | S7: =IF(MOD($B7,5)=0, "스핀들유격: ","-" ) -> - | T7: =IF(MOD($B7,5)=0, "스핀들유격: ","-" ) -> - | U7: =IF(MOD($B7,5)=0, "스핀들유격: ","-" ) -> - | V7: =IF(MOD($B7,5)=0, "000-000","-" ) -> - | W7: =IF(MOD($B7,5)=0, "000-000","-" ) -> - | X7: =IF(MOD($B7,5)=0, "000-000","-" ) -> - | Y7: =IF(MOD($B7,5)=0, "000-000","-" ) -> - | Z7: =IF(MOD($B7,5)=0, "000-000","-" ) -> - | AA7: =IF(MOD($B7,5)=0, "000-000","-" ) -> - | AB7: =IF(MOD($B7,5)=0, "000-000","-" ) -> - | AC7: =IF(MOD($B7,5)=0, "000-000","-" ) -> - | AD7: =IF(MOD($B7,5)=0, "스핀들소음 :","-" ) -> - | AE7: =IF(MOD($B7,40)=0, "필터세척 :"& CHAR(10) & "FLOW (T1, T4 : / T2, T3 : / T4 : )","-" ) -> - | AF7: =IF($B7="","", IF(MOD($B7,160)=0, "TENSION (XL : / ZL : / XR : / ZR : / Y : )" & CHAR(10) & "필터교체", "-" ) ) -> - | AG7: -
A8: 45971 | B8: 2 | C8: =IF(B8="","", IF(MOD($B8,1)=0, "Dimensions: L W H", "-" ) ) -> Dimensions: L W H | D8: =IF(E8="","", IF(MOD($B8,1)=0, "완료", "-" ) ) -> 완료 | E8: 19분 | G8: 누락 | H8: - | I8: - | J8: 누락 | L8: VITA | M8: MARK II | N8: 160 | P8: =IF(LEN(A8)>0, 종합!$C$29, "") -> 2.26 | Q8: - | R8: =IF(MOD($B8,5)=0, "스핀들유격: ","-" ) -> - | S8: =IF(MOD($B8,5)=0, "스핀들유격: ","-" ) -> - | T8: =IF(MOD($B8,5)=0, "스핀들유격: ","-" ) -> - | U8: =IF(MOD($B8,5)=0, "스핀들유격: ","-" ) -> - | V8: =IF(MOD($B8,5)=0, "000-000","-" ) -> - | W8: =IF(MOD($B8,5)=0, "000-000","-" ) -> - | X8: =IF(MOD($B8,5)=0, "000-000","-" ) -> - | Y8: =IF(MOD($B8,5)=0, "000-000","-" ) -> - | Z8: =IF(MOD($B8,5)=0, "000-000","-" ) -> - | AA8: =IF(MOD($B8,5)=0, "000-000","-" ) -> - | AB8: =IF(MOD($B8,5)=0, "000-000","-" ) -> - | AC8: =IF(MOD($B8,5)=0, "000-000","-" ) -> - | AD8: =IF(MOD($B8,5)=0, "스핀들소음 :","-" ) -> - | AE8: =IF(MOD($B8,40)=0, "필터세척 :"& CHAR(10) & "FLOW (T1, T4 : / T2, T3 : / T4 : )","-" ) -> - | AF8: =IF($B8="","", IF(MOD(B8,160)=0, "TENSION (XL : / ZL : / XR : / ZR : / Y : )" & CHAR(10) & "필터교체", "-" ) ) -> - | AG8: -
A9: 45971 | B9: 2 | C9: =IF(B9="","", IF(MOD($B9,1)=0, "Dimensions: L W H", "-" ) ) -> Dimensions: L W H | D9: =IF(E9="","", IF(MOD($B9,1)=0, "완료", "-" ) ) -> 완료 | E9: 19분 | G9: 누락 | H9: - | I9: - | J9: 누락 | L9: VITA | M9: MARK II | N9: 160 | P9: =IF(LEN(A9)>0, 종합!$C$29, "") -> 2.26 | Q9: - | R9: =IF(MOD($B9,5)=0, "스핀들유격: ","-" ) -> - | S9: =IF(MOD($B9,5)=0, "스핀들유격: ","-" ) -> - | T9: =IF(MOD($B9,5)=0, "스핀들유격: ","-" ) -> - | U9: =IF(MOD($B9,5)=0, "스핀들유격: ","-" ) -> - | V9: =IF(MOD($B9,5)=0, "000-000","-" ) -> - | W9: =IF(MOD($B9,5)=0, "000-000","-" ) -> - | X9: =IF(MOD($B9,5)=0, "000-000","-" ) -> - | Y9: =IF(MOD($B9,5)=0, "000-000","-" ) -> - | Z9: =IF(MOD($B9,5)=0, "000-000","-" ) -> - | AA9: =IF(MOD($B9,5)=0, "000-000","-" ) -> - | AB9: =IF(MOD($B9,5)=0, "000-000","-" ) -> - | AC9: =IF(MOD($B9,5)=0, "000-000","-" ) -> - | AD9: =IF(MOD($B9,5)=0, "스핀들소음 :","-" ) -> - | AE9: =IF(MOD($B9,40)=0, "필터세척 :"& CHAR(10) & "FLOW (T1, T4 : / T2, T3 : / T4 : )","-" ) -> - | AF9: =IF($B9="","", IF(MOD(B9,160)=0, "TENSION (XL : / ZL : / XR : / ZR : / Y : )" & CHAR(10) & "필터교체", "-" ) ) -> - | AG9: -
A10: 45971 | B10: 4 | C10: =IF(B10="","", IF(MOD($B10,1)=0, "Dimensions: L W H", "-" ) ) -> Dimensions: L W H | D10: =IF(E10="","", IF(MOD($B10,1)=0, "완료", "-" ) ) -> 완료 | E10: 19분 | G10: 누락 | H10: - | I10: - | J10: 누락 | L10: VITA | M10: MARK II | N10: 160 | P10: =IF(LEN(A10)>0, 종합!$C$29, "") -> 2.26 | Q10: - | R10: =IF(MOD($B10,5)=0, "스핀들유격: ","-" ) -> - | S10: =IF(MOD($B10,5)=0, "스핀들유격: ","-" ) -> - | T10: =IF(MOD($B10,5)=0, "스핀들유격: ","-" ) -> - | U10: =IF(MOD($B10,5)=0, "스핀들유격: ","-" ) -> - | V10: =IF(MOD($B10,5)=0, "000-000","-" ) -> - | W10: =IF(MOD($B10,5)=0, "000-000","-" ) -> - | X10: =IF(MOD($B10,5)=0, "000-000","-" ) -> - | Y10: =IF(MOD($B10,5)=0, "000-000","-" ) -> - | Z10: =IF(MOD($B10,5)=0, "000-000","-" ) -> - | AA10: =IF(MOD($B10,5)=0, "000-000","-" ) -> - | AB10: =IF(MOD($B10,5)=0, "000-000","-" ) -> - | AC10: =IF(MOD($B10,5)=0, "000-000","-" ) -> - | AD10: =IF(MOD($B10,5)=0, "스핀들소음 :","-" ) -> - | AE10: =IF(MOD($B10,40)=0, "필터세척 :"& CHAR(10) & "FLOW (T1, T4 : / T2, T3 : / T4 : )","-" ) -> - | AF10: =IF($B10="","", IF(MOD(B10,160)=0, "TENSION (XL : / ZL : / XR : / ZR : / Y : )" & CHAR(10) & "필터교체", "-" ) ) -> - | AG10: -
A11: 45971 | B11: 5 | C11: =IF(B11="","", IF(MOD($B11,1)=0, "Dimensions: L W H", "-" ) ) -> Dimensions: L W H | D11: =IF(E11="","", IF(MOD($B11,1)=0, "완료", "-" ) ) -> 완료 | E11: 19분 | G11: 누락 | H11: - | I11: - | J11: 누락 | L11: VITA | M11: MARK II | N11: 160 | P11: =IF(LEN(A11)>0, 종합!$C$29, "") -> 2.26 | Q11: - | R11: 스핀들유격: 적정 | S11: 스핀들유격: 적정 | T11: 스핀들유격: 적정 | U11: 스핀들유격: 적정 | V11: 193-301 | W11: 173-418 | X11: 189-314 | Y11: 199-415 | Z11: =IF(MOD($B11,5)=0, "000-000","-" ) -> 000-000 | AA11: =IF(MOD($B11,5)=0, "000-000","-" ) -> 000-000 | AB11: =IF(MOD($B11,5)=0, "000-000","-" ) -> 000-000 | AC11: =IF(MOD($B11,5)=0, "000-000","-" ) -> 000-000 | AD11: 스핀들소음: 적정 | AE11: =IF(MOD($B11,40)=0, "필터세척 :"& CHAR(10) & "FLOW (T1, T4 : / T2, T3 : / T4 : )","-" ) -> - | AF11: =IF($B11="","", IF(MOD(B11,160)=0, "TENSION (XL : / ZL : / XR : / ZR : / Y : )" & CHAR(10) & "필터교체", "-" ) ) -> - | AG11: -
A12: 45971 | B12: 6 | C12: =IF(B12="","", IF(MOD($B12,1)=0, "Dimensions: L W H", "-" ) ) -> Dimensions: L W H | D12: =IF(E12="","", IF(MOD($B12,1)=0, "완료", "-" ) ) -> 완료 | E12: 19분 | G12: 누락 | H12: - | I12: - | J12: 누락 | L12: VITA | M12: MARK II | N12: 160 | P12: =IF(LEN(A12)>0, 종합!$C$29, "") -> 2.26 | Q12: - | R12: =IF(MOD($B12,5)=0, "스핀들유격: ","-" ) -> - | S12: =IF(MOD($B12,5)=0, "스핀들유격: ","-" ) -> - | T12: =IF(MOD($B12,5)=0, "스핀들유격: ","-" ) -> - | U12: =IF(MOD($B12,5)=0, "스핀들유격: ","-" ) -> - | V12: =IF(MOD($B12,5)=0, "000-000","-" ) -> - | W12: =IF(MOD($B12,5)=0, "000-000","-" ) -> - | X12: =IF(MOD($B12,5)=0, "000-000","-" ) -> - | Y12: =IF(MOD($B12,5)=0, "000-000","-" ) -> - | Z12: =IF(MOD($B12,5)=0, "000-000","-" ) -> - | AA12: =IF(MOD($B12,5)=0, "000-000","-" ) -> - | AB12: =IF(MOD($B12,5)=0, "000-000","-" ) -> - | AC12: =IF(MOD($B12,5)=0, "000-000","-" ) -> - | AD12: =IF(MOD($B12,5)=0, "스핀들소음 :","-" ) -> - | AE12: =IF(MOD($B12,40)=0, "필터세척 :"& CHAR(10) & "FLOW (T1, T4 : / T2, T3 : / T4 : )","-" ) -> - | AF12: =IF($B12="","", IF(MOD(B12,160)=0, "TENSION (XL : / ZL : / XR : / ZR : / Y : )" & CHAR(10) & "필터교체", "-" ) ) -> - | AG12: -
A13: 45972 | B13: 7 | C13: =IF(B13="","", IF(MOD($B13,1)=0, "Dimensions: L W H", "-" ) ) -> Dimensions: L W H | D13: =IF(E13="","", IF(MOD($B13,1)=0, "완료", "-" ) ) -> 완료 | E13: 23분 | G13: 0 | H13: - | I13: - | J13: 0 | L13: VITA | M13: MARK II | N13: 160 | P13: =IF(LEN(A13)>0, 종합!$C$29, "") -> 2.26 | Q13: - | R13: =IF(MOD($B13,5)=0, "스핀들유격: ","-" ) -> - | S13: =IF(MOD($B13,5)=0, "스핀들유격: ","-" ) -> - | T13: =IF(MOD($B13,5)=0, "스핀들유격: ","-" ) -> - | U13: =IF(MOD($B13,5)=0, "스핀들유격: ","-" ) -> - | V13: =IF(MOD($B13,5)=0, "000-000","-" ) -> - | W13: =IF(MOD($B13,5)=0, "000-000","-" ) -> - | X13: =IF(MOD($B13,5)=0, "000-000","-" ) -> - | Y13: =IF(MOD($B13,5)=0, "000-000","-" ) -> - | Z13: =IF(MOD($B13,5)=0, "000-000","-" ) -> - | AA13: =IF(MOD($B13,5)=0, "000-000","-" ) -> - | AB13: =IF(MOD($B13,5)=0, "000-000","-" ) -> - | AC13: =IF(MOD($B13,5)=0, "000-000","-" ) -> - | AD13: =IF(MOD($B13,5)=0, "스핀들소음 :","-" ) -> - | AE13: =IF(MOD($B13,40)=0, "필터세척 :"& CHAR(10) & "FLOW (T1, T4 : / T2, T3 : / T4 : )","-" ) -> - | AF13: =IF($B13="","", IF(MOD(B13,160)=0, "TENSION (XL : / ZL : / XR : / ZR : / Y : )" & CHAR(10) & "필터교체", "-" ) ) -> - | AG13: -
A14: 45972 | B14: 8 | C14: =IF(B14="","", IF(MOD($B14,1)=0, "Dimensions: L W H", "-" ) ) -> Dimensions: L W H | D14: 진행중 | E14: 21분 | G14: 1 | H14: - | I14: - | J14: 1 | L14: VITA | M14: MARK II | N14: 160 | P14: =IF(LEN(A14)>0, 종합!$C$29, "") -> 2.26 | Q14: - | R14: =IF(MOD($B14,5)=0, "스핀들유격: ","-" ) -> - | S14: =IF(MOD($B14,5)=0, "스핀들유격: ","-" ) -> - | T14: =IF(MOD($B14,5)=0, "스핀들유격: ","-" ) -> - | U14: =IF(MOD($B14,5)=0, "스핀들유격: ","-" ) -> - | V14: =IF(MOD($B14,5)=0, "000-000","-" ) -> - | W14: =IF(MOD($B14,5)=0, "000-000","-" ) -> - | X14: =IF(MOD($B14,5)=0, "000-000","-" ) -> - | Y14: =IF(MOD($B14,5)=0, "000-000","-" ) -> - | Z14: =IF(MOD($B14,5)=0, "000-000","-" ) -> - | AA14: =IF(MOD($B14,5)=0, "000-000","-" ) -> - | AB14: =IF(MOD($B14,5)=0, "000-000","-" ) -> - | AC14: =IF(MOD($B14,5)=0, "000-000","-" ) -> - | AD14: =IF(MOD($B14,5)=0, "스핀들소음 :","-" ) -> - | AE14: =IF(MOD($B14,40)=0, "필터세척 :"& CHAR(10) & "FLOW (T1, T4 : / T2, T3 : / T4 : )","-" ) -> - | AF14: =IF($B14="","", IF(MOD(B14,160)=0, "TENSION (XL : / ZL : / XR : / ZR : / Y : )" & CHAR(10) & "필터교체", "-" ) ) -> - | AG14: -
A20: TABLE OUTLINE | B20: TABLE OUTLINE | C20: TABLE OUTLINE | D20: TABLE OUTLINE | E20: TABLE OUTLINE | F20: TABLE OUTLINE | G20: TABLE OUTLINE | H20: TABLE OUTLINE | I20: TABLE OUTLINE | J20: TABLE OUTLINE | K20: TABLE OUTLINE | L20: TABLE OUTLINE | M20: TABLE OUTLINE | N20: TABLE OUTLINE | O20: TABLE OUTLINE | P20: TABLE OUTLINE | Q20: TABLE OUTLINE | R20: TABLE OUTLINE | S20: TABLE OUTLINE | T20: TABLE OUTLINE | U20: TABLE OUTLINE | V20: TABLE OUTLINE | W20: TABLE OUTLINE | X20: TABLE OUTLINE | Y20: TABLE OUTLINE | Z20: TABLE OUTLINE | AA20: TABLE OUTLINE | AB20: TABLE OUTLINE | AC20: TABLE OUTLINE | AD20: TABLE OUTLINE | AE20: TABLE OUTLINE | AF20: TABLE OUTLINE | AG20: TABLE OUTLINE | AH20: TABLE OUTLINE

Sheet 종합
A1: 통계
B2: ES#8 | C2: ES#9 | D2: PP#2 | E2: PP#3 | F2: PP#4 | G2: PP#5
A3: 일별 가공기 개별 가공수량 | H3: 일별 가공기 전수 가공수량
A4: 2025-11-10 가공수량 | B4: =COUNTIF('ES#8'!$A$7:$A$19,LEFT(A4,10)) -> 4 | C4: =COUNTIF('ES#9'!$A$7:$A$19,LEFT(A4,10)) -> 4 | D4: =COUNTIF('PP#2'!$A$7:$A$15,LEFT(A4,10)) -> 6 | E4: =COUNTIF('PP#3'!$A$7:$A$15,LEFT(A4,10)) -> 6 | F4: =COUNTIF('PP#4'!$A$7:$A$15,LEFT(A4,10)) -> 6 | G4: =COUNTIF('PP#5'!$A$7:$A$15,LEFT(A4,10)) -> 6 | H4: =SUM(B4:G4) -> 32
A5: 2025-11-11 가공수량 | B5: =COUNTIF('ES#8'!$A$7:$A$19,LEFT(A5,10)) -> 2 | C5: =COUNTIF('ES#9'!$A$7:$A$19,LEFT(A5,10)) -> 2 | D5: =COUNTIF('PP#2'!$A$7:$A$15,LEFT(A5,10)) -> 2 | E5: =COUNTIF('PP#3'!$A$7:$A$15,LEFT(A5,10)) -> 2 | F5: =COUNTIF('PP#4'!$A$7:$A$15,LEFT(A5,10)) -> 2 | G5: =COUNTIF('PP#5'!$A$7:$A$15,LEFT(A5,10)) -> 2 | H5: =SUM(B5:G5) -> 12
B7: 2025-11-10 이후 가공기별 누적가공수량
B8: ES#8 | C8: ES#9 | D8: PP#2 | E8: PP#3 | F8: PP#4 | G8: PP#5
B9: =SUM(B4:B5) -> 6 | C9: =SUM(C4:C5) -> 6 | D9: =SUM(D4:D5) -> 8 | E9: =SUM(E4:E5) -> 8 | F9: =SUM(F4:F5) -> 8 | G9: =SUM(G4:G5) -> 8 | H9: =SUM(B9:G9) -> 44
A12: 월별 가공기 개별 가공수량 | H12: 일별 가공기 전수 가공수량
A13: 2025-11 가공수량 | B13: =SUM(B4:B5) -> 6 | C13: =SUM(C4:C5) -> 6 | D13: =SUM(D4:D5) -> 8 | E13: =SUM(E4:E5) -> 8 | F13: =SUM(F4:F5) -> 8 | G13: =SUM(G4:G5) -> 8 | H13: =SUM(B13:G13) -> 44
A14: 2025-11 가공수량(크로스체크용 수식) | B14: =_xlfn.LET( _xlpm.ym, LEFT($A14,7), _xlpm.d0, DATEVALUE(_xlpm.ym & "-01"), COUNTIFS('ES#8'!$A$7:$A$19, ">=" & _xlpm.d0, 'ES#8'!$A$7:$A$19, "<" & EOMONTH(_xlpm.d0,0)+1) ) -> 6 | C14: =_xlfn.LET( _xlpm.ym, LEFT($A14,7), _xlpm.d0, DATEVALUE(_xlpm.ym & "-01"), COUNTIFS('ES#9'!$A$7:$A$19, ">=" & _xlpm.d0, 'ES#9'!$A$7:$A$19, "<" & EOMONTH(_xlpm.d0,0)+1) ) -> 6 | D14: =_xlfn.LET( _xlpm.ym, LEFT($A14,7), _xlpm.d0, DATEVALUE(_xlpm.ym & "-01"), COUNTIFS('PP#2'!$A$7:$A$15, ">=" & _xlpm.d0, 'PP#2'!$A$7:$A$15, "<" & EOMONTH(_xlpm.d0,0)+1) ) -> 8 | E14: =_xlfn.LET( _xlpm.ym, LEFT($A14,7), _xlpm.d0, DATEVALUE(_xlpm.ym & "-01"), COUNTIFS('PP#3'!$A$7:$A$15, ">=" & _xlpm.d0, 'PP#3'!$A$7:$A$15, "<" & EOMONTH(_xlpm.d0,0)+1) ) -> 8 | F14: =_xlfn.LET( _xlpm.ym, LEFT($A14,7), _xlpm.d0, DATEVALUE(_xlpm.ym & "-01"), COUNTIFS('PP#4'!$A$7:$A$15, ">=" & _xlpm.d0, 'PP#4'!$A$7:$A$15, "<" & EOMONTH(_xlpm.d0,0)+1) ) -> 8 | G14: =_xlfn.LET( _xlpm.ym, LEFT($A14,7), _xlpm.d0, DATEVALUE(_xlpm.ym & "-01"), COUNTIFS('PP#5'!$A$7:$A$15, ">=" & _xlpm.d0, 'PP#5'!$A$7:$A$15, "<" & EOMONTH(_xlpm.d0,0)+1) ) -> 8 | H14: =SUM(B14:G14) -> 44
A17: *관심지표
A18: *산출식 : 일평균 가공수량=가공일 수 *
A19: 일별가공수량 합계 | B19: =SUM(H4:H5) -> 44
A20: 가공일 수 | B20: =COUNT(H4:H5) -> 2
A21: *일평균 가공수량 | B21: =B19/B20 -> 22
A27: 실험통제변수
A29: 실험가정 | B29: 가속 Factor | C29: 2.26
B30: 버교체 주기
A34: 기대 | B34: BUR 기대수명
